Workbook

Sheet PRODUTOS
A1: IMAGEM | B1: CÓDIGO DO PRODUTO | C1: DESCRIÇÃO | D1: REFERÊNCIA DO FABRICANTE | E1: MARCA | F1: INFORMAÇÕES COMPLEMENTARES DO FORNECEDOR | G1: CATEGORIA | H1: ARQUIVO IMAGEM (SITE / CATÁLOGO) | I1: POST INSTAGRAM | J1: TRATAMENTO DA IMAGEM | K1: ALERTAS / CONFERIR | L1: ORIGEM
B2: 55026 | C2: QUADRO PAINEL PARA COMANDO 20X20X12 | F2: Quadro de comando metálico com porta, fechadura e placa de montagem interna (laranja). Medidas A x L x P (cm) indicadas na descrição. | G2: Elétrica / Comandos | H2: 55026.png | I2: QUADRO-PAINEL-PARA-COMANDO.jpg | J2: Recorte original do catálogo + ampliação IA 4x | L2: Catálogo pág. 2
B3: 55027 | C3: QUADRO PAINEL PARA COMANDO 30X20X20 | F3: Quadro de comando metálico com porta, fechadura e placa de montagem interna (laranja). Medidas A x L x P (cm) indicadas na descrição. | G3: Elétrica / Comandos | H3: 55027.png | I3: QUADRO-PAINEL-PARA-COMANDO.jpg | J3: Recorte original do catálogo + ampliação IA 4x | L3: Catálogo pág. 2
B4: 55029 | C4: QUADRO PAINEL PARA COMANDO 40X30X20 | F4: Quadro de comando metálico com porta, fechadura e placa de montagem interna (laranja). Medidas A x L x P (cm) indicadas na descrição. | G4: Elétrica / Comandos | H4: 55029.png | I4: QUADRO-PAINEL-PARA-COMANDO.jpg | J4: Recorte original do catálogo + ampliação IA 4x | L4: Catálogo pág. 2
B5: 55028 | C5: QUADRO PAINEL PARA COMANDO 40X30X25 | F5: Quadro de comando metálico com porta, fechadura e placa de montagem interna (laranja). Medidas A x L x P (cm) indicadas na descrição. | G5: Elétrica / Comandos | H5: 55028.png | I5: QUADRO-PAINEL-PARA-COMANDO.jpg | J5: Recorte original do catálogo + ampliação IA 4x | L5: Catálogo pág. 2
B6: 55030 | C6: QUADRO PAINEL PARA COMANDO 60X40X20 | F6: Quadro de comando metálico com porta, fechadura e placa de montagem interna (laranja). Medidas A x L x P (cm) indicadas na descrição. | G6: Elétrica / Comandos | H6: 55030.png | I6: QUADRO-PAINEL-PARA-COMANDO.jpg | J6: Recorte original do catálogo + ampliação IA 4x | L6: Catálogo pág. 2
B7: 55031 | C7: QUADRO PAINEL PARA COMANDO 60X40X25 | F7: Quadro de comando metálico com porta, fechadura e placa de montagem interna (laranja). Medidas A x L x P (cm) indicadas na descrição. | G7: Elétrica / Comandos | H7: 55031.png | I7: QUADRO-PAINEL-PARA-COMANDO.jpg | J7: Recorte original do catálogo + ampliação IA 4x | L7: Catálogo pág. 2
B8: 55032 | C8: QUADRO PAINEL PARA COMANDO 60X60X20 | F8: Quadro de comando metálico com porta, fechadura e placa de montagem interna (laranja). Medidas A x L x P (cm) indicadas na descrição. | G8: Elétrica / Comandos | H8: 55032.png | I8: QUADRO-PAINEL-PARA-COMANDO.jpg | J8: Recorte original do catálogo + ampliação IA 4x | L8: Catálogo pág. 2
B9: 55033 | C9: QUADRO PAINEL PARA COMANDO 60X60X25 | F9: Quadro de comando metálico com porta, fechadura e placa de montagem interna (laranja). Medidas A x L x P (cm) indicadas na descrição. | G9: Elétrica / Comandos | H9: 55033.png | I9: QUADRO-PAINEL-PARA-COMANDO.jpg | J9: Recorte original do catálogo + ampliação IA 4x | L9: Catálogo pág. 2
B10: 55034 | C10: QUADRO PAINEL PARA COMANDO 80X60X25 | F10: Quadro de comando metálico com porta, fechadura e placa de montagem interna (laranja). Medidas A x L x P (cm) indicadas na descrição. | G10: Elétrica / Comandos | H10: 55034.png | I10: QUADRO-PAINEL-PARA-COMANDO.jpg | J10: Recorte original do catálogo + ampliação IA 4x | L10: Catálogo pág. 2
B11: 54752 | C11: MALA COMPACTA PARA FERRAMENTAS FACON | D11: BS006 | E11: FACON | F11: Dimensões 31 x 20 x 24 cm. Alça para transporte reforçada. | G11: Ferramentas / Instrumentos | H11: 54752.png | I11: 54752_MALA-COMPACTA-PARA-FERRAMENTAS-FACON.jpg | J11: Fundo removido (IA ISNet + máscara por cor do fundo) + ampliação IA 4x | L11: Catálogo pág. 2
B12: 54753 | C12: MALA PARA FERRAMENTAS C FUNDO REFORÇADO FACON | D12: BS008 | E12: FACON | F12: Dimensões 43 x 27 x 28 cm. Fundo resistente, alça removível. | G12: Ferramentas / Instrumentos | H12: 54753.png | I12: 54753_MALA-PARA-FERRAMENTAS-C-FUNDO-REFORCADO-FACON.jpg | J12: Fundo removido (IA ISNet + máscara por cor do fundo) + ampliação IA 4x | L12: Catálogo pág. 2
B13: 54755 | C13: MALA PARA FERRAMENTAS C/ ALÇA INOX BIG PLUS FACON | D13: BS009 | E13: FACON | F13: Medidas no catálogo: 230 x 360 x 230 (indicado em cm; provavelmente mm). Alça em inox. | G13: Ferramentas / Instrumentos | H13: 54755.png | I13: 54755_MALA-PARA-FERRAMENTAS-C-ALCA-INOX-BIG-PLUS-FACON.jpg | J13: Fundo removido (IA ISNet + máscara por cor do fundo) + ampliação IA 4x | K13: Descrição corrigida (ALCA → ALÇA). | Medidas no catálogo 230 x 360 x 230 'cm' — provavelmente mm. Conferir antes de publicar. | L13: Catálogo pág. 2
B14: 54756 | C14: MOCHILA PARA FERRAMENTAS SEM ESTOJO FACON | E14: FACON | F14: Mochila para ferramentas com bolsos externos, sem estojo interno. | G14: Ferramentas / Instrumentos | H14: 54756.png | I14: 54756_MOCHILA-PARA-FERRAMENTAS-SEM-ESTOJO-FACON.jpg | J14: Fundo removido (IA ISNet + máscara por cor do fundo) + ampliação IA 4x | L14: Catálogo pág. 2
B15: 54760 | C15: MALA FIT PARA FERRAMENTAS FACON | D15: 4648 | E15: FACON | F15: Dimensões 43 x 27 x 28 cm. | G15: Ferramentas / Instrumentos | H15: 54760.png | I15: 54760_MALA-FIT-PARA-FERRAMENTAS-FACON.jpg | J15: Fundo removido (IA ISNet + máscara por cor do fundo) + ampliação IA 4x | L15: Catálogo pág. 2
B16: S/ CÓDIGO | C16: LUVA ANTICORTE WORKER WK31 | D16: WK31 | E16: WORKER | F16: Luva de proteção anticorte com banho na palma. | G16: EPI / Segurança | H16: SEM-CODIGO_LUVA-ANTICORTE-WORKER-WK31.png | I16: LUVA-ANTICORTE-WORKER-WK31.jpg | J16: Recorte original do catálogo + ampliação IA 4x | K16: Produto sem código no catálogo — informar código do sistema. | L16: Catálogo PDF
B17: S/ CÓDIGO | C17: LUVA POLIÉSTER BANHO PU VE702PG | D17: VE702PG | E17: DELTA PLUS | F17: Luva de poliéster com banho de poliuretano (PU) na palma, boa sensibilidade para montagem. Marca identificada pelo logo na foto. | G17: EPI / Segurança | H17: SEM-CODIGO_LUVA-POLIESTER-BANHO-PU-VE702PG.png | I17: LUVA-POLIESTER-BANHO-PU-VE702PG.jpg | J17: Recorte original do catálogo + ampliação IA 4x | K17: Produto sem código no catálogo — informar código do sistema. | L17: Catálogo PDF
B18: S/ CÓDIGO | C18: LUVA NITRÍLICA 33 CM NITREX VE801 | D18: VE801 | F18: Luva nitrílica de cano longo (33 cm) para manuseio de produtos químicos. | G18: EPI / Segurança | H18: SEM-CODIGO_LUVA-NITRILICA-33-CM-NITREX-VE801.png | I18: LUVA-NITRILICA-33-CM-NITREX-VE801.jpg | J18: Recorte original do catálogo + ampliação IA 4x | K18: Produto sem código no catálogo — informar código do sistema. | L18: Catálogo PDF
B19: S/ CÓDIGO | C19: ÓCULOS PROTEÇÃO UVA UVB SKY | D19: SKY | F19: Óculos de segurança com proteção UVA/UVB, lente escura (verde). | G19: EPI / Segurança | H19: SEM-CODIGO_OCULOS-PROTECAO-UVA-UVB-SKY.png | I19: OCULOS-PROTECAO-UVA-UVB-SKY.jpg | J19: Recorte original do catálogo + ampliação IA 4x | K19: Produto sem código no catálogo — informar código do sistema. | L19: Catálogo PDF
B20: S/ CÓDIGO | C20: ÓCULOS PROTEÇÃO UVA UVB SUMMER | D20: SUMMER | F20: Óculos de segurança com proteção UVA/UVB, lente incolor. | G20: EPI / Segurança | H20: SEM-CODIGO_OCULOS-PROTECAO-UVA-UVB-SUMMER.png | I20: OCULOS-PROTECAO-UVA-UVB-SUMMER.jpg | J20: Recorte original do catálogo + ampliação IA 4x | K20: Produto sem código no catálogo — informar código do sistema. | L20: Catálogo PDF
B21: 54824 | C21: SAPATO ELÁSTICO BRANCO SEM BICO MONO TPB100 38 CARTON | D21: TPB100 | E21: CARTON | F21: Sapato ocupacional branco com elástico lateral, sem biqueira. Numeração ao final da descrição. | G21: EPI / Segurança | H21: 54824.png | I21: SAPATO-ELASTICO-S-BICO-TPB100.jpg | J21: Recorte original do catálogo + ampliação IA 4x | L21: Catálogo pág. 3
B22: 54825 | C22: SAPATO ELÁSTICO BRANCO SEM BICO MONO TPB100 39 CARTON | D22: TPB100 | E22: CARTON | F22: Sapato ocupacional branco com elástico lateral, sem biqueira. Numeração ao final da descrição. | G22: EPI / Segurança | H22: 54825.png | I22: SAPATO-ELASTICO-S-BICO-TPB100.jpg | J22: Recorte original do catálogo + ampliação IA 4x | L22: Catálogo pág. 3
B23: 54826 | C23: SAPATO ELÁSTICO BRANCO SEM BICO MONO TPB100 40 CARTON | D23: TPB100 | E23: CARTON | F23: Sapato ocupacional branco com elástico lateral, sem biqueira. Numeração ao final da descrição. | G23: EPI / Segurança | H23: 54826.png | I23: SAPATO-ELASTICO-S-BICO-TPB100.jpg | J23: Recorte original do catálogo + ampliação IA 4x | L23: Catálogo pág. 3
B24: 54827 | C24: SAPATO ELÁSTICO BRANCO SEM BICO MONO TPB100 41 CARTON | D24: TPB100 | E24: CARTON | F24: Sapato ocupacional branco com elástico lateral, sem biqueira. Numeração ao final da descrição. | G24: EPI / Segurança | H24: 54827.png | I24: SAPATO-ELASTICO-S-BICO-TPB100.jpg | J24: Recorte original do catálogo + ampliação IA 4x | L24: Catálogo pág. 3
B25: 54828 | C25: SAPATO ELÁSTICO BRANCO SEM BICO MONO TPB100 42 CARTON | D25: TPB100 | E25: CARTON | F25: Sapato ocupacional branco com elástico lateral, sem biqueira. Numeração ao final da descrição. | G25: EPI / Segurança | H25: 54828.png | I25: SAPATO-ELASTICO-S-BICO-TPB100.jpg | J25: Recorte original do catálogo + ampliação IA 4x | L25: Catálogo pág. 3
B26: 54829 | C26: SAPATO ELÁSTICO BRANCO SEM BICO MONO TPB100 43 CARTON | D26: TPB100 | E26: CARTON | F26: Sapato ocupacional branco com elástico lateral, sem biqueira. Numeração ao final da descrição. | G26: EPI / Segurança | H26: 54829.png | I26: SAPATO-ELASTICO-S-BICO-TPB100.jpg | J26: Recorte original do catálogo + ampliação IA 4x | L26: Catálogo pág. 3
B27: 54830 | C27: SAPATO ELÁSTICO BRANCO SEM BICO MONO TPB100 44 CARTON | D27: TPB100 | E27: CARTON | F27: Sapato ocupacional branco com elástico lateral, sem biqueira. Numeração ao final da descrição. | G27: EPI / Segurança | H27: 54830.png | I27: SAPATO-ELASTICO-S-BICO-TPB100.jpg | J27: Recorte original do catálogo + ampliação IA 4x | L27: Catálogo pág. 3
B28: 54838 | C28: SAPATO POLIMÉRICO BRANCO SEM BICO BIDENCID COB101 36 CARTON | D28: COB101 | E28: CARTON | F28: Sapato polimérico branco, sem biqueira, fácil de lavar. Numeração ao final da descrição. | G28: EPI / Segurança | H28: 54838.png | I28: SAPATO-BRANCO-SEM-BICO-COB-101.jpg | J28: Recorte original do catálogo + ampliação IA 4x | K28: Descrição corrigida (POLIMERICO → POLIMÉRICO). | L28: Catálogo pág. 3
B29: 54839 | C29: SAPATO POLIMÉRICO BRANCO SEM BICO BIDENCID COB101 37 CARTON | D29: COB101 | E29: CARTON | F29: Sapato polimérico branco, sem biqueira, fácil de lavar. Numeração ao final da descrição. | G29: EPI / Segurança | H29: 54839.png | I29: SAPATO-BRANCO-SEM-BICO-COB-101.jpg | J29: Recorte original do catálogo + ampliação IA 4x | K29: Descrição corrigida (POLIMERICO → POLIMÉRICO). | L29: Catálogo pág. 3
B30: 54840 | C30: SAPATO POLIMÉRICO BRANCO SEM BICO BIDENCID COB101 38 CARTON | D30: COB101 | E30: CARTON | F30: Sapato polimérico branco, sem biqueira, fácil de lavar. Numeração ao final da descrição. | G30: EPI / Segurança | H30: 54840.png | I30: SAPATO-BRANCO-SEM-BICO-COB-101.jpg | J30: Recorte original do catálogo + ampliação IA 4x | K30: Descrição corrigida (POLIMERICO → POLIMÉRICO). | L30: Catálogo pág. 3
B31: 54841 | C31: SAPATO POLIMÉRICO BRANCO SEM BICO BIDENCID COB101 39 CARTON | D31: COB101 | E31: CARTON | F31: Sapato polimérico branco, sem biqueira, fácil de lavar. Numeração ao final da descrição. | G31: EPI / Segurança | H31: 54841.png | I31: SAPATO-BRANCO-SEM-BICO-COB-101.jpg | J31: Recorte original do catálogo + ampliação IA 4x | K31: Descrição corrigida (POLIMERICO → POLIMÉRICO). | L31: Catálogo pág. 3
B32: 54842 | C32: SAPATO POLIMÉRICO BRANCO SEM BICO BIDENCID COB101 40 CARTON | D32: COB101 | E32: CARTON | F32: Sapato polimérico branco, sem biqueira, fácil de lavar. Numeração ao final da descrição. | G32: EPI / Segurança | H32: 54842.png | I32: SAPATO-BRANCO-SEM-BICO-COB-101.jpg | J32: Recorte original do catálogo + ampliação IA 4x | K32: Descrição corrigida (POLIMERICO → POLIMÉRICO). | L32: Catálogo pág. 3
B33: 54843 | C33: SAPATO POLIMÉRICO BRANCO SEM BICO BIDENCID COB101 41 CARTON | D33: COB101 | E33: CARTON | F33: Sapato polimérico branco, sem biqueira, fácil de lavar. Numeração ao final da descrição. | G33: EPI / Segurança | H33: 54843.png | I33: SAPATO-BRANCO-SEM-BICO-COB-101.jpg | J33: Recorte original do catálogo + ampliação IA 4x | K33: Descrição corrigida (POLIMERICO → POLIMÉRICO). | L33: Catálogo pág. 3
B34: 54844 | C34: SAPATO POLIMÉRICO BRANCO SEM BICO BIDENCID COB101 42 CARTON | D34: COB101 | E34: CARTON | F34: Sapato polimérico branco, sem biqueira, fácil de lavar. Numeração ao final da descrição. | G34: EPI / Segurança | H34: 54844.png | I34: SAPATO-BRANCO-SEM-BICO-COB-101.jpg | J34: Recorte original do catálogo + ampliação IA 4x | K34: Descrição corrigida (POLIMERICO → POLIMÉRICO). | L34: Catálogo pág. 3
B35: 54120 | C35: CAPACITOR SIMPLES CBB60 5UF+-5%X250V | D35: CBB60 | E35: FACON | F35: Capacitor de funcionamento (permanente) CBB60, 250 VAC, tolerância ±5%, 50/60 Hz, terminais tipo faston. Uso em motores monofásicos (ventiladores, bombas, lavadoras). | G35: Capacitores | H35: 54120.png | I35: CAPACITOR-SIMPLES-250V-CBB60.jpg | J35: Recorte original do catálogo + ampliação IA 4x | L35: Catálogo pág. 3
B36: 55201 | C36: CAPACITOR SIMPLES CBB60 8UF+-5%X250V | D36: CBB60 | E36: FACON | F36: Capacitor de funcionamento (permanente) CBB60, 250 VAC, tolerância ±5%, 50/60 Hz, terminais tipo faston. Uso em motores monofásicos (ventiladores, bombas, lavadoras). | G36: Capacitores | H36: 55201.png | I36: CAPACITOR-SIMPLES-250V-CBB60.jpg | J36: Recorte original do catálogo + ampliação IA 4x | L36: Catálogo pág. 3
B37: 53140 | C37: CAPACITOR SIMPLES CBB60 10UF +-5% X 250V | D37: CBB60 | E37: FACON | F37: Capacitor de funcionamento (permanente) CBB60, 250 VAC, tolerância ±5%, 50/60 Hz, terminais tipo faston. Uso em motores monofásicos (ventiladores, bombas, lavadoras). | G37: Capacitores | H37: 53140.png | I37: CAPACITOR-SIMPLES-250V-CBB60.jpg | J37: Recorte original do catálogo + ampliação IA 4x | K37: Mesma descrição do(s) código(s) 53122: possível cadastro duplicado. | L37: Catálogo pág. 3
B38: 53122 | C38: CAPACITOR SIMPLES CBB60 10UF+-5%X250V | D38: CBB60 | E38: FACON | F38: Capacitor de funcionamento (permanente) CBB60, 250 VAC, tolerância ±5%, 50/60 Hz, terminais tipo faston. Uso em motores monofásicos (ventiladores, bombas, lavadoras). | G38: Capacitores | H38: 53122_CAPACITOR-SIMPLES-CBB60-10UF-5-X250V.png | I38: CAPACITOR-SIMPLES-250V-CBB60.jpg | J38: Recorte original do catálogo + ampliação IA 4x | K38: CÓDIGO REPETIDO no catálogo para produto diferente: CAPACITOR SIMPLES CBB65 10UF +-5%X440V | Mesma descrição do(s) código(s) 53140: possível cadastro duplicado. | L38: Catálogo pág. 3
B39: 55202 | C39: CAPACITOR SIMPLES CBB60 12UF +-5% X 250V | D39: CBB60 | E39: FACON | F39: Capacitor de funcionamento (permanente) CBB60, 250 VAC, tolerância ±5%, 50/60 Hz, terminais tipo faston. Uso em motores monofásicos (ventiladores, bombas, lavadoras). | G39: Capacitores | H39: 55202.png | I39: CAPACITOR-SIMPLES-250V-CBB60.jpg | J39: Recorte original do catálogo + ampliação IA 4x | L39: Catálogo pág. 3
B40: 54104 | C40: CAPACITOR SIMPLES CBB60 15UF +-5% X 250V | D40: CBB60 | E40: FACON | F40: Capacitor de funcionamento (permanente) CBB60, 250 VAC, tolerância ±5%, 50/60 Hz, terminais tipo faston. Uso em motores monofásicos (ventiladores, bombas, lavadoras). | G40: Capacitores | H40: 54104.png | I40: CAPACITOR-SIMPLES-250V-CBB60.jpg | J40: Recorte original do catálogo + ampliação IA 4x | L40: Catálogo pág. 3
B41: 53141 | C41: CAPACITOR SIMPLES CBB60 20UF+-5%X250V | D41: CBB60 | E41: FACON | F41: Capacitor de funcionamento (permanente) CBB60, 250 VAC, tolerância ±5%, 50/60 Hz, terminais tipo faston. Uso em motores monofásicos (ventiladores, bombas, lavadoras). | G41: Capacitores | H41: 53141.png | I41: CAPACITOR-SIMPLES-250V-CBB60.jpg | J41: Recorte original do catálogo + ampliação IA 4x | L41: Catálogo pág. 3
B42: 53142 | C42: CAPACITOR SIMPLES CBB60 25UF+-5%X250V | D42: CBB60 | E42: FACON | F42: Capacitor de funcionamento (permanente) CBB60, 250 VAC, tolerância ±5%, 50/60 Hz, terminais tipo faston. Uso em motores monofásicos (ventiladores, bombas, lavadoras). | G42: Capacitores | H42: 53142.png | I42: CAPACITOR-SIMPLES-250V-CBB60.jpg | J42: Recorte original do catálogo + ampliação IA 4x | L42: Catálogo pág. 3
B43: 53143 | C43: CAPACITOR SIMPLES CBB60 30UF+-5%X250V | D43: CBB60 | E43: FACON | F43: Capacitor de funcionamento (permanente) CBB60, 250 VAC, tolerância ±5%, 50/60 Hz, terminais tipo faston. Uso em motores monofásicos (ventiladores, bombas, lavadoras). | G43: Capacitores | H43: 53143.png | I43: CAPACITOR-SIMPLES-250V-CBB60.jpg | J43: Recorte original do catálogo + ampliação IA 4x | L43: Catálogo pág. 3
B44: 53144 | C44: CAPACITOR SIMPLES CBB60 35UF +-5%X250V | D44: CBB60 | E44: FACON | F44: Capacitor de funcionamento (permanente) CBB60, 250 VAC, tolerância ±5%, 50/60 Hz, terminais tipo faston. Uso em motores monofásicos (ventiladores, bombas, lavadoras). | G44: Capacitores | H44: 53144.png | I44: CAPACITOR-SIMPLES-250V-CBB60.jpg | J44: Recorte original do catálogo + ampliação IA 4x | L44: Catálogo pág. 3
B45: 53145 | C45: CAPACITOR SIMPLES CBB60 40UF +-5%X250V | D45: CBB60 | E45: FACON | F45: Capacitor de funcionamento (permanente) CBB60, 250 VAC, tolerância ±5%, 50/60 Hz, terminais tipo faston. Uso em motores monofásicos (ventiladores, bombas, lavadoras). | G45: Capacitores | H45: 53145.png | I45: CAPACITOR-SIMPLES-250V-CBB60.jpg | J45: Recorte original do catálogo + ampliação IA 4x | L45: Catálogo pág. 3
B46: 53146 | C46: CAPACITOR SIMPLES CBB60 45UF +-5%X250V | D46: CBB60 | E46: FACON | F46: Capacitor de funcionamento (permanente) CBB60, 250 VAC, tolerância ±5%, 50/60 Hz, terminais tipo faston. Uso em motores monofásicos (ventiladores, bombas, lavadoras). | G46: Capacitores | H46: 53146.png | I46: CAPACITOR-SIMPLES-250V-CBB60.jpg | J46: Recorte original do catálogo + ampliação IA 4x | L46: Catálogo pág. 3
B47: 53147 | C47: CAPACITOR SIMPLES CBB60 50UF+-5%X250V | D47: CBB60 | E47: FACON | F47: Capacitor de funcionamento (permanente) CBB60, 250 VAC, tolerância ±5%, 50/60 Hz, terminais tipo faston. Uso em motores monofásicos (ventiladores, bombas, lavadoras). | G47: Capacitores | H47: 53147.png | I47: CAPACITOR-SIMPLES-250V-CBB60.jpg | J47: Recorte original do catálogo + ampliação IA 4x | L47: Catálogo pág. 3
B48: 53350 | C48: CAPACITOR SIMPLES CBB60 55UF+-5%X250V | D48: CBB60 | E48: FACON | F48: Capacitor de funcionamento (permanente) CBB60, 250 VAC, tolerância ±5%, 50/60 Hz, terminais tipo faston. Uso em motores monofásicos (ventiladores, bombas, lavadoras). | G48: Capacitores | H48: 53350.png | I48: CAPACITOR-SIMPLES-250V-CBB60.jpg | J48: Recorte original do catálogo + ampliação IA 4x | L48: Catálogo pág. 3
B49: 53494 | C49: CAPACITOR CBB60 5UF +-5%X250V COM FIO | D49: CBB60 | E49: FACON | F49: Capacitor de funcionamento CBB60 com cabos (fios) de ligação, 250 VAC, tolerância ±5%, 50/60 Hz. Uso em motores monofásicos. | G49: Capacitores | H49: 53494.png | I49: CAPACITOR-COM-FIO-250V-CBB60.jpg | J49: Recorte original do catálogo + ampliação IA 4x | L49: Catálogo pág. 3
B50: 53495 | C50: CAPACITOR CBB60 6UF +-5%X250V COM FIO | D50: CBB60 | E50: FACON | F50: Capacitor de funcionamento CBB60 com cabos (fios) de ligação, 250 VAC, tolerância ±5%, 50/60 Hz. Uso em motores monofásicos. | G50: Capacitores | H50: 53495.png | I50: CAPACITOR-COM-FIO-250V-CBB60.jpg | J50: Recorte original do catálogo + ampliação IA 4x | K50: Descrição corrigida (250VCOM → 250V COM). | L50: Catálogo pág. 3
B51: 53496 | C51: CAPACITOR CBB60 7UF+-5%X250V COM FIO | D51: CBB60 | E51: FACON | F51: Capacitor de funcionamento CBB60 com cabos (fios) de ligação, 250 VAC, tolerância ±5%, 50/60 Hz. Uso em motores monofásicos. | G51: Capacitores | H51: 53496.png | I51: CAPACITOR-COM-FIO-250V-CBB60.jpg | J51: Recorte original do catálogo + ampliação IA 4x | L51: Catálogo pág. 3
B52: 53497 | C52: CAPACITOR CBB60 8UF +-5%X250V COM FIO | D52: CBB60 | E52: FACON | F52: Capacitor de funcionamento CBB60 com cabos (fios) de ligação, 250 VAC, tolerância ±5%, 50/60 Hz. Uso em motores monofásicos. | G52: Capacitores | H52: 53497.png | I52: CAPACITOR-COM-FIO-250V-CBB60.jpg | J52: Recorte original do catálogo + ampliação IA 4x | L52: Catálogo pág. 3
B53: 53503 | C53: CAPACITOR CBB60 10UF +-5% X 250V COM FIO | D53: CBB60 | E53: FACON | F53: Capacitor de funcionamento CBB60 com cabos (fios) de ligação, 250 VAC, tolerância ±5%, 50/60 Hz. Uso em motores monofásicos. | G53: Capacitores | H53: 53503.png | I53: CAPACITOR-COM-FIO-250V-CBB60.jpg | J53: Recorte original do catálogo + ampliação IA 4x | L53: Catálogo pág. 3
B54: 53504 | C54: CAPACITOR CBB60 15UF+-5%X250V COM FIO | D54: CBB60 | E54: FACON | F54: Capacitor de funcionamento CBB60 com cabos (fios) de ligação, 250 VAC, tolerância ±5%, 50/60 Hz. Uso em motores monofásicos. | G54: Capacitores | H54: 53504.png | I54: CAPACITOR-COM-FIO-250V-CBB60.jpg | J54: Recorte original do catálogo + ampliação IA 4x | L54: Catálogo pág. 3
B55: 53505 | C55: CAPACITOR CBB60 17,5UF+-5%X250V COM FIO | D55: CBB60 | E55: FACON | F55: Capacitor de funcionamento CBB60 com cabos (fios) de ligação, 250 VAC, tolerância ±5%, 50/60 Hz. Uso em motores monofásicos. | G55: Capacitores | H55: 53505.png | I55: CAPACITOR-COM-FIO-250V-CBB60.jpg | J55: Recorte original do catálogo + ampliação IA 4x | L55: Catálogo pág. 3
B56: 53506 | C56: CAPACITOR CBB60 20UF+-5%X250V COM FIO | D56: CBB60 | E56: FACON | F56: Capacitor de funcionamento CBB60 com cabos (fios) de ligação, 250 VAC, tolerância ±5%, 50/60 Hz. Uso em motores monofásicos. | G56: Capacitores | H56: 53506.png | I56: CAPACITOR-COM-FIO-250V-CBB60.jpg | J56: Recorte original do catálogo + ampliação IA 4x | L56: Catálogo pág. 3
B57: 53507 | C57: CAPACITOR CBB60 25UF+-5%X250V COM FIO | D57: CBB60 | E57: FACON | F57: Capacitor de funcionamento CBB60 com cabos (fios) de ligação, 250 VAC, tolerância ±5%, 50/60 Hz. Uso em motores monofásicos. | G57: Capacitores | H57: 53507.png | I57: CAPACITOR-COM-FIO-250V-CBB60.jpg | J57: Recorte original do catálogo + ampliação IA 4x | L57: Catálogo pág. 3
B58: 53508 | C58: CAPACITOR CBB60 30UF +-5%X250V COM FIO | D58: CBB60 | E58: FACON | F58: Capacitor de funcionamento CBB60 com cabos (fios) de ligação, 250 VAC, tolerância ±5%, 50/60 Hz. Uso em motores monofásicos. | G58: Capacitores | H58: 53508.png | I58: CAPACITOR-COM-FIO-250V-CBB60.jpg | J58: Recorte original do catálogo + ampliação IA 4x | K58: Descrição corrigida (250VCOM → 250V COM). | L58: Catálogo pág. 3
B59: 53509 | C59: CAPACITOR CBB60 35UF +-5%X250V COM FIO | D59: CBB60 | E59: FACON | F59: Capacitor de funcionamento CBB60 com cabos (fios) de ligação, 250 VAC, tolerância ±5%, 50/60 Hz. Uso em motores monofásicos. | G59: Capacitores | H59: 53509.png | I59: CAPACITOR-COM-FIO-250V-CBB60.jpg | J59: Recorte original do catálogo + ampliação IA 4x | L59: Catálogo pág. 3
B60: 53148 | C60: CAPACITOR CBB60 40UF +-5%X250V COM FIO | D60: CBB60 | E60: FACON | F60: Capacitor de funcionamento CBB60 com cabos (fios) de ligação, 250 VAC, tolerância ±5%, 50/60 Hz. Uso em motores monofásicos. | G60: Capacitores | H60: 53148.png | I60: CAPACITOR-COM-FIO-250V-CBB60.jpg | J60: Recorte original do catálogo + ampliação IA 4x | L60: Catálogo pág. 3
B61: 54105 | C61: CAPACITOR CBB60 45UF +-5%X250V COM FIO | D61: CBB60 | E61: FACON | F61: Capacitor de funcionamento CBB60 com cabos (fios) de ligação, 250 VAC, tolerância ±5%, 50/60 Hz. Uso em motores monofásicos. | G61: Capacitores | H61: 54105.png | I61: CAPACITOR-COM-FIO-250V-CBB60.jpg | J61: Recorte original do catálogo + ampliação IA 4x | L61: Catálogo pág. 3
B62: 53149 | C62: CAPACITOR CBB60 50UF+-5%X250V COM FIO | D62: CBB60 | E62: FACON | F62: Capacitor de funcionamento CBB60 com cabos (fios) de ligação, 250 VAC, tolerância ±5%, 50/60 Hz. Uso em motores monofásicos. | G62: Capacitores | H62: 53149.png | I62: CAPACITOR-COM-FIO-250V-CBB60.jpg | J62: Recorte original do catálogo + ampliação IA 4x | L62: Catálogo pág. 3
B63: 53150 | C63: CAPACITOR CBB60 55UF+-5%X250V COM FIO | D63: CBB60 | E63: FACON | F63: Capacitor de funcionamento CBB60 com cabos (fios) de ligação, 250 VAC, tolerância ±5%, 50/60 Hz. Uso em motores monofásicos. | G63: Capacitores | H63: 53150.png | I63: CAPACITOR-COM-FIO-250V-CBB60.jpg | J63: Recorte original do catálogo + ampliação IA 4x | L63: Catálogo pág. 3
B64: 53151 | C64: CAPACITOR CBB60 70UF+-5%X250V COM FIO | D64: CBB60 | E64: FACON | F64: Capacitor de funcionamento CBB60 com cabos (fios) de ligação, 250 VAC, tolerância ±5%, 50/60 Hz. Uso em motores monofásicos. | G64: Capacitores | H64: 53151.png | I64: CAPACITOR-COM-FIO-250V-CBB60.jpg | J64: Recorte original do catálogo + ampliação IA 4x | L64: Catálogo pág. 3
B65: 53152 | C65: CAPACITOR CBB60 90UF +-5%X250V COM FIO | D65: CBB60 | E65: FACON | F65: Capacitor de funcionamento CBB60 com cabos (fios) de ligação, 250 VAC, tolerância ±5%, 50/60 Hz. Uso em motores monofásicos. | G65: Capacitores | H65: 53152.png | I65: CAPACITOR-COM-FIO-250V-CBB60.jpg | J65: Recorte original do catálogo + ampliação IA 4x | L65: Catálogo pág. 3
B66: 53122 | C66: CAPACITOR SIMPLES CBB65 10UF +-5%X440V | D66: CBB65 | E66: FACON | F66: Capacitor de funcionamento CBB65 em carcaça de alumínio, 440 VAC, tolerância ±5%. Uso em compressores e motores de ar-condicionado e refrigeração. | G66: Capacitores | H66: 53122_CAPACITOR-SIMPLES-CBB65-10UF-5-X440V.png | I66: CAPACITOR-SIMPLES-440V-CBB65.jpg | J66: Recorte original do catálogo + ampliação IA 4x | K66: CÓDIGO REPETIDO no catálogo para produto diferente: CAPACITOR SIMPLES CBB60 10UF+-5%X250V | L66: Catálogo pág. 3
B67: 52763 | C67: CAPACITOR SIMPLES CBB65 15UF+-5%X440V | D67: CBB65 | E67: FACON | F67: Capacitor de funcionamento CBB65 em carcaça de alumínio, 440 VAC, tolerância ±5%. Uso em compressores e motores de ar-condicionado e refrigeração. | G67: Capacitores | H67: 52763.png | I67: CAPACITOR-SIMPLES-440V-CBB65.jpg | J67: Recorte original do catálogo + ampliação IA 4x | L67: Catálogo pág. 3
B68: 52764 | C68: CAPACITOR SIMPLES CBB65 17UF +-5%X440V | D68: CBB65 | E68: FACON | F68: Capacitor de funcionamento CBB65 em carcaça de alumínio, 440 VAC, tolerância ±5%. Uso em compressores e motores de ar-condicionado e refrigeração. | G68: Capacitores | H68: 52764.png | I68: CAPACITOR-SIMPLES-440V-CBB65.jpg | J68: Recorte original do catálogo + ampliação IA 4x | L68: Catálogo pág. 3
B69: 52765 | C69: CAPACITOR SIMPLES CBB65 20UF +-5%X440V | D69: CBB65 | E69: FACON | F69: Capacitor de funcionamento CBB65 em carcaça de alumínio, 440 VAC, tolerância ±5%. Uso em compressores e motores de ar-condicionado e refrigeração. | G69: Capacitores | H69: 52765.png | I69: CAPACITOR-SIMPLES-440V-CBB65.jpg | J69: Recorte original do catálogo + ampliação IA 4x | L69: Catálogo pág. 3
B70: 52766 | C70: CAPACITOR SIMPLES CBB65 25UF +-5%X440V | D70: CBB65 | E70: FACON | F70: Capacitor de funcionamento CBB65 em carcaça de alumínio, 440 VAC, tolerância ±5%. Uso em compressores e motores de ar-condicionado e refrigeração. | G70: Capacitores | H70: 52766.png | I70: CAPACITOR-SIMPLES-440V-CBB65.jpg | J70: Recorte original do catálogo + ampliação IA 4x | L70: Catálogo pág. 3
B71: 52767 | C71: CAPACITOR SIMPLES CBB65 30UF +-5%X440V | D71: CBB65 | E71: FACON | F71: Capacitor de funcionamento CBB65 em carcaça de alumínio, 440 VAC, tolerância ±5%. Uso em compressores e motores de ar-condicionado e refrigeração. | G71: Capacitores | H71: 52767.png | I71: CAPACITOR-SIMPLES-440V-CBB65.jpg | J71: Recorte original do catálogo + ampliação IA 4x | L71: Catálogo pág. 3
B72: 52768 | C72: CAPACITOR SIMPLES CBB65 35UF +-5%X440V | D72: CBB65 | E72: FACON | F72: Capacitor de funcionamento CBB65 em carcaça de alumínio, 440 VAC, tolerância ±5%. Uso em compressores e motores de ar-condicionado e refrigeração. | G72: Capacitores | H72: 52768.png | I72: CAPACITOR-SIMPLES-440V-CBB65.jpg | J72: Recorte original do catálogo + ampliação IA 4x | L72: Catálogo pág. 3
B73: 52769 | C73: CAPACITOR SIMPLES CBB65 40UF +-5%X440V | D73: CBB65 | E73: FACON | F73: Capacitor de funcionamento CBB65 em carcaça de alumínio, 440 VAC, tolerância ±5%. Uso em compressores e motores de ar-condicionado e refrigeração. | G73: Capacitores | H73: 52769.png | I73: CAPACITOR-SIMPLES-440V-CBB65.jpg | J73: Recorte original do catálogo + ampliação IA 4x | L73: Catálogo pág. 3
B74: 52770 | C74: CAPACITOR SIMPLES CBB65 45UF +-5%X440V | D74: CBB65 | E74: FACON | F74: Capacitor de funcionamento CBB65 em carcaça de alumínio, 440 VAC, tolerância ±5%. Uso em compressores e motores de ar-condicionado e refrigeração. | G74: Capacitores | H74: 52770.png | I74: CAPACITOR-SIMPLES-440V-CBB65.jpg | J74: Recorte original do catálogo + ampliação IA 4x | L74: Catálogo pág. 3
B75: 52772 | C75: CAPACITOR SIMPLES CBB65 55UF +-5%X440V | D75: CBB65 | E75: FACON | F75: Capacitor de funcionamento CBB65 em carcaça de alumínio, 440 VAC, tolerância ±5%. Uso em compressores e motores de ar-condicionado e refrigeração. | G75: Capacitores | H75: 52772.png | I75: CAPACITOR-SIMPLES-440V-CBB65.jpg | J75: Recorte original do catálogo + ampliação IA 4x | L75: Catálogo pág. 3
B76: 52771 | C76: CAPACITOR SIMPLES CBB65 59UF +-5%X440V | D76: CBB65 | E76: FACON | F76: Capacitor de funcionamento CBB65 em carcaça de alumínio, 440 VAC, tolerância ±5%. Uso em compressores e motores de ar-condicionado e refrigeração. | G76: Capacitores | H76: 52771.png | I76: CAPACITOR-SIMPLES-440V-CBB65.jpg | J76: Recorte original do catálogo + ampliação IA 4x | K76: Descrição diz 59UF — provável 50UF. Conferir. | L76: Catálogo pág. 3
B77: 52773 | C77: CAPACITOR SIMPLES CBB65 60UF +-5%X440V | D77: CBB65 | E77: FACON | F77: Capacitor de funcionamento CBB65 em carcaça de alumínio, 440 VAC, tolerância ±5%. Uso em compressores e motores de ar-condicionado e refrigeração. | G77: Capacitores | H77: 52773.png | I77: CAPACITOR-SIMPLES-440V-CBB65.jpg | J77: Recorte original do catálogo + ampliação IA 4x | L77: Catálogo pág. 3
B78: 53123 | C78: CAPACITOR SIMPLES CBB65 75UF +-5%X440V | D78: CBB65 | E78: FACON | F78: Capacitor de funcionamento CBB65 em carcaça de alumínio, 440 VAC, tolerância ±5%. Uso em compressores e motores de ar-condicionado e refrigeração. | G78: Capacitores | H78: 53123.png | I78: CAPACITOR-SIMPLES-440V-CBB65.jpg | J78: Recorte original do catálogo + ampliação IA 4x | L78: Catálogo pág. 3
B79: 53124 | C79: CAPACITOR SIMPLES CBB65 90UF +-5%X440V | D79: CBB65 | E79: FACON | F79: Capacitor de funcionamento CBB65 em carcaça de alumínio, 440 VAC, tolerância ±5%. Uso em compressores e motores de ar-condicionado e refrigeração. | G79: Capacitores | H79: 53124.png | I79: CAPACITOR-SIMPLES-440V-CBB65.jpg | J79: Recorte original do catálogo + ampliação IA 4x | L79: Catálogo pág. 3
B80: 52775 | C80: CAPACITOR DUPLO CBB65 15UF + 5UF X 440VAC | D80: CBB65 | E80: FACON | F80: Capacitor duplo CBB65 (compressor + ventilador) em um só corpo, 3 bornes (C / HERM / FAN). Capacitâncias no formato compressor + ventilador; tensão conforme descrição. | G80: Capacitores | H80: 52775.png | I80: CAPACITOR-DUPLO-440V-250V-CBB65.jpg | J80: Recorte original do catálogo + ampliação IA 4x | L80: Catálogo pág. 3
B81: 52774 | C81: CAPACITOR DUPLO CBB65 15UF+ 3UF X 440VAC | D81: CBB65 | E81: FACON | F81: Capacitor duplo CBB65 (compressor + ventilador) em um só corpo, 3 bornes (C / HERM / FAN). Capacitâncias no formato compressor + ventilador; tensão conforme descrição. | G81: Capacitores | H81: 52774.png | I81: CAPACITOR-DUPLO-440V-250V-CBB65.jpg | J81: Recorte original do catálogo + ampliação IA 4x | L81: Catálogo pág. 3
B82: 53125 | C82: CAPACITOR DUPLO CBB65 17UF+2.5UF X 440VAC | D82: CBB65 | E82: FACON | F82: Capacitor duplo CBB65 (compressor + ventilador) em um só corpo, 3 bornes (C / HERM / FAN). Capacitâncias no formato compressor + ventilador; tensão conforme descrição. | G82: Capacitores | H82: 53125.png | I82: CAPACITOR-DUPLO-440V-250V-CBB65.jpg | J82: Recorte original do catálogo + ampliação IA 4x | L82: Catálogo pág. 3
B83: 53483 | C83: CAPACITOR DUPLO CBB65 17UF+5UF X 440VAC | D83: CBB65 | E83: FACON | F83: Capacitor duplo CBB65 (compressor + ventilador) em um só corpo, 3 bornes (C / HERM / FAN). Capacitâncias no formato compressor + ventilador; tensão conforme descrição. | G83: Capacitores | H83: 53483.png | I83: CAPACITOR-DUPLO-440V-250V-CBB65.jpg | J83: Recorte original do catálogo + ampliação IA 4x | L83: Catálogo pág. 3
B84: 53126 | C84: CAPACITOR DUPLO CBB65 20UF +1.5UF X 440VAC | D84: CBB65 | E84: FACON | F84: Capacitor duplo CBB65 (compressor + ventilador) em um só corpo, 3 bornes (C / HERM / FAN). Capacitâncias no formato compressor + ventilador; tensão conforme descrição. | G84: Capacitores | H84: 53126.png | I84: CAPACITOR-DUPLO-440V-250V-CBB65.jpg | J84: Recorte original do catálogo + ampliação IA 4x | L84: Catálogo pág. 3
B85: 52780 | C85: CAPACITOR DUPLO CBB65 20UF +4UF X 440VAC | D85: CBB65 | E85: FACON | F85: Capacitor duplo CBB65 (compressor + ventilador) em um só corpo, 3 bornes (C / HERM / FAN). Capacitâncias no formato compressor + ventilador; tensão conforme descrição. | G85: Capacitores | H85: 52780.png | I85: CAPACITOR-DUPLO-440V-250V-CBB65.jpg | J85: Recorte original do catálogo + ampliação IA 4x | L85: Catálogo pág. 3
B86: 53127 | C86: CAPACITOR DUPLO CBB65 20UF+2.5UF X 440VAC | D86: CBB65 | E86: FACON | F86: Capacitor duplo CBB65 (compressor + ventilador) em um só corpo, 3 bornes (C / HERM / FAN). Capacitâncias no formato compressor + ventilador; tensão conforme descrição. | G86: Capacitores | H86: 53127.png | I86: CAPACITOR-DUPLO-440V-250V-CBB65.jpg | J86: Recorte original do catálogo + ampliação IA 4x | L86: Catálogo pág. 3
B87: 5029 | C87: CAPACITOR DUPLO CBB65 20UF+3UF X 440VAC | D87: CBB65 | E87: FACON | F87: Capacitor duplo CBB65 (compressor + ventilador) em um só corpo, 3 bornes (C / HERM / FAN). Capacitâncias no formato compressor + ventilador; tensão conforme descrição. | G87: Capacitores | H87: 5029.png | I87: CAPACITOR-DUPLO-440V-250V-CBB65.jpg | J87: Recorte original do catálogo + ampliação IA 4x | L87: Catálogo pág. 3
B88: 53482 | C88: CAPACITOR DUPLO CBB65 20UF+5UF X 440VAC | D88: CBB65 | E88: FACON | F88: Capacitor duplo CBB65 (compressor + ventilador) em um só corpo, 3 bornes (C / HERM / FAN). Capacitâncias no formato compressor + ventilador; tensão conforme descrição. | G88: Capacitores | H88: 53482.png | I88: CAPACITOR-DUPLO-440V-250V-CBB65.jpg | J88: Recorte original do catálogo + ampliação IA 4x | L88: Catálogo pág. 3
B89: 52787 | C89: CAPACITOR DUPLO CBB65 25UF+1.5UF X 440VAC | D89: CBB65 | E89: FACON | F89: Capacitor duplo CBB65 (compressor + ventilador) em um só corpo, 3 bornes (C / HERM / FAN). Capacitâncias no formato compressor + ventilador; tensão conforme descrição. | G89: Capacitores | H89: 52787_CAPACITOR-DUPLO-CBB65-25UF-1-5UF-X-440VAC.png | I89: CAPACITOR-DUPLO-440V-250V-CBB65.jpg | J89: Recorte original do catálogo + ampliação IA 4x | K89: CÓDIGO REPETIDO no catálogo para produto diferente: CAPACITOR DUPLO CBB65 25UF+ 10UF X 440VAC | L89: Catálogo pág. 3
B90: 52778 | C90: CAPACITOR DUPLO CBB65 25UF+10UF X 440VAC | D90: CBB65 | E90: FACON | F90: Capacitor duplo CBB65 (compressor + ventilador) em um só corpo, 3 bornes (C / HERM / FAN). Capacitâncias no formato compressor + ventilador; tensão conforme descrição. | G90: Capacitores | H90: 52778_CAPACITOR-DUPLO-CBB65-25UF-10UF-X-440VAC.png | I90: CAPACITOR-DUPLO-440V-250V-CBB65.jpg | J90: Recorte original do catálogo + ampliação IA 4x | K90: CÓDIGO REPETIDO no catálogo para produto diferente: CAPACITOR DUPLO CBB65 35UF+6UF X 440VAC | Mesma descrição do(s) código(s) 52787: possível cadastro duplicado. | L90: Catálogo pág. 3
B91: 54117 | C91: CAPACITOR DUPLO CBB65 25UF+ 2.5UF X 440VAC | D91: CBB65 | E91: FACON | F91: Capacitor duplo CBB65 (compressor + ventilador) em um só corpo, 3 bornes (C / HERM / FAN). Capacitâncias no formato compressor + ventilador; tensão conforme descrição. | G91: Capacitores | H91: 54117.png | I91: CAPACITOR-DUPLO-440V-250V-CBB65.jpg | J91: Recorte original do catálogo + ampliação IA 4x | L91: Catálogo pág. 3
B92: 5032 | C92: CAPACITOR DUPLO CBB65 25UF+ 3UF X 440VAC | D92: CBB65 | E92: FACON | F92: Capacitor duplo CBB65 (compressor + ventilador) em um só corpo, 3 bornes (C / HERM / FAN). Capacitâncias no formato compressor + ventilador; tensão conforme descrição. | G92: Capacitores | H92: 5032.png | I92: CAPACITOR-DUPLO-440V-250V-CBB65.jpg | J92: Recorte original do catálogo + ampliação IA 4x | L92: Catálogo pág. 3
B93: 5033 | C93: CAPACITOR DUPLO CBB65 25UF+ 4UF X 440VAC | D93: CBB65 | E93: FACON | F93: Capacitor duplo CBB65 (compressor + ventilador) em um só corpo, 3 bornes (C / HERM / FAN). Capacitâncias no formato compressor + ventilador; tensão conforme descrição. | G93: Capacitores | H93: 5033.png | I93: CAPACITOR-DUPLO-440V-250V-CBB65.jpg | J93: Recorte original do catálogo + ampliação IA 4x | L93: Catálogo pág. 3
B94: 52787 | C94: CAPACITOR DUPLO CBB65 25UF+ 10UF X 440VAC | D94: CBB65 | E94: FACON | F94: Capacitor duplo CBB65 (compressor + ventilador) em um só corpo, 3 bornes (C / HERM / FAN). Capacitâncias no formato compressor + ventilador; tensão conforme descrição. | G94: Capacitores | H94: 52787_CAPACITOR-DUPLO-CBB65-25UF-10UF-X-440VAC.png | I94: CAPACITOR-DUPLO-440V-250V-CBB65.jpg | J94: Recorte original do catálogo + ampliação IA 4x | K94: CÓDIGO REPETIDO no catálogo para produto diferente: CAPACITOR DUPLO CBB65 25UF+1.5UF X 440VAC | Mesma descrição do(s) código(s) 52778: possível cadastro duplicado. | L94: Catálogo pág. 3
B95: 52796 | C95: CAPACITOR DUPLO CBB65 30UF +3UF X 440VAC | D95: CBB65 | E95: FACON | F95: Capacitor duplo CBB65 (compressor + ventilador) em um só corpo, 3 bornes (C / HERM / FAN). Capacitâncias no formato compressor + ventilador; tensão conforme descrição. | G95: Capacitores | H95: 52796_CAPACITOR-DUPLO-CBB65-30UF-3UF-X-440VAC.png | I95: CAPACITOR-DUPLO-440V-250V-CBB65.jpg | J95: Recorte original do catálogo + ampliação IA 4x | K95: CÓDIGO REPETIDO no catálogo para produto diferente: CAPACITOR DUPLO CBB65 30UF+ 12UF X 440VAC | Mesma descrição do(s) código(s) 5036: possível cadastro duplicado. | L95: Catálogo pág. 3
B96: 52781 | C96: CAPACITOR DUPLO CBB65 30UF+5UF X 440VAC | D96: CBB65 | E96: FACON | F96: Capacitor duplo CBB65 (compressor + ventilador) em um só corpo, 3 bornes (C / HERM / FAN). Capacitâncias no formato compressor + ventilador; tensão conforme descrição. | G96: Capacitores | H96: 52781.png | I96: CAPACITOR-DUPLO-440V-250V-CBB65.jpg | J96: Recorte original do catálogo + ampliação IA 4x | L96: Catálogo pág. 3
B97: 52782 | C97: CAPACITOR DUPLO CBB65 30UF+6UF X 440VAC | D97: CBB65 | E97: FACON | F97: Capacitor duplo CBB65 (compressor + ventilador) em um só corpo, 3 bornes (C / HERM / FAN). Capacitâncias no formato compressor + ventilador; tensão conforme descrição. | G97: Capacitores | H97: 52782.png | I97: CAPACITOR-DUPLO-440V-250V-CBB65.jpg | J97: Recorte original do catálogo + ampliação IA 4x | L97: Catálogo pág. 3
B98: 52788 | C98: CAPACITOR DUPLO CBB65 30UF+ 1.5UF X 440VAC | D98: CBB65 | E98: FACON | F98: Capacitor duplo CBB65 (compressor + ventilador) em um só corpo, 3 bornes (C / HERM / FAN). Capacitâncias no formato compressor + ventilador; tensão conforme descrição. | G98: Capacitores | H98: 52788.png | I98: CAPACITOR-DUPLO-440V-250V-CBB65.jpg | J98: Recorte original do catálogo + ampliação IA 4x | L98: Catálogo pág. 3
B99: 52790 | C99: CAPACITOR DUPLO CBB65 30UF+ 2.5UF X 440VAC | D99: CBB65 | E99: FACON | F99: Capacitor duplo CBB65 (compressor + ventilador) em um só corpo, 3 bornes (C / HERM / FAN). Capacitâncias no formato compressor + ventilador; tensão conforme descrição. | G99: Capacitores | H99: 52790.png | I99: CAPACITOR-DUPLO-440V-250V-CBB65.jpg | J99: Recorte original do catálogo + ampliação IA 4x | L99: Catálogo pág. 3
B100: 5036 | C100: CAPACITOR DUPLO CBB65 30UF+ 3UF X 440VAC | D100: CBB65 | E100: FACON | F100: Capacitor duplo CBB65 (compressor + ventilador) em um só corpo, 3 bornes (C / HERM / FAN). Capacitâncias no formato compressor + ventilador; tensão conforme descrição. | G100: Capacitores | H100: 5036.png | I100: CAPACITOR-DUPLO-440V-250V-CBB65.jpg | J100: Recorte original do catálogo + ampliação IA 4x | K100: Mesma descrição do(s) código(s) 52796: possível cadastro duplicado. | L100: Catálogo pág. 3
...

Sheet ALERTAS CADASTRO
A1: CÓDIGO | B1: DESCRIÇÃO | C1: TIPO | D1: ALERTA / O QUE CONFERIR
A2: 52778 | B2: CAPACITOR DUPLO CBB65 25UF+10UF X 440VAC | C2: Código repetido | D2: CÓDIGO REPETIDO no catálogo para produto diferente: CAPACITOR DUPLO CBB65 35UF+6UF X 440VAC
A3: 52778 | B3: CAPACITOR DUPLO CBB65 35UF+6UF X 440VAC | C3: Código repetido | D3: CÓDIGO REPETIDO no catálogo para produto diferente: CAPACITOR DUPLO CBB65 25UF+10UF X 440VAC
A4: 52787 | B4: CAPACITOR DUPLO CBB65 25UF+1.5UF X 440VAC | C4: Código repetido | D4: CÓDIGO REPETIDO no catálogo para produto diferente: CAPACITOR DUPLO CBB65 25UF+ 10UF X 440VAC
A5: 52787 | B5: CAPACITOR DUPLO CBB65 25UF+ 10UF X 440VAC | C5: Código repetido | D5: CÓDIGO REPETIDO no catálogo para produto diferente: CAPACITOR DUPLO CBB65 25UF+1.5UF X 440VAC
A6: 52796 | B6: CAPACITOR DUPLO CBB65 30UF +3UF X 440VAC | C6: Código repetido | D6: CÓDIGO REPETIDO no catálogo para produto diferente: CAPACITOR DUPLO CBB65 30UF+ 12UF X 440VAC
A7: 52796 | B7: CAPACITOR DUPLO CBB65 30UF+ 12UF X 440VAC | C7: Código repetido | D7: CÓDIGO REPETIDO no catálogo para produto diferente: CAPACITOR DUPLO CBB65 30UF +3UF X 440VAC
A8: 52931 | B8: MULTÍMETRO DT-830B | C8: Código repetido | D8: CÓDIGO REPETIDO no catálogo para produto diferente: MULTÍMETRO My63 20KHZ FACON
A9: 52931 | B9: MULTÍMETRO My63 20KHZ FACON | C9: Código repetido | D9: CÓDIGO REPETIDO no catálogo para produto diferente: MULTÍMETRO DT-830B
A10: 53122 | B10: CAPACITOR SIMPLES CBB60 10UF+-5%X250V | C10: Código repetido | D10: CÓDIGO REPETIDO no catálogo para produto diferente: CAPACITOR SIMPLES CBB65 10UF +-5%X440V
A11: 53122 | B11: CAPACITOR SIMPLES CBB65 10UF +-5%X440V | C11: Código repetido | D11: CÓDIGO REPETIDO no catálogo para produto diferente: CAPACITOR SIMPLES CBB60 10UF+-5%X250V
A12: 53635 | B12: TERMOSTATO RC-15000-2 | C12: Código repetido | D12: CÓDIGO REPETIDO no catálogo para produto diferente: TERMOSTATO RC-45000-2
A13: 53635 | B13: TERMOSTATO RC-45000-2 | C13: Código repetido | D13: CÓDIGO REPETIDO no catálogo para produto diferente: TERMOSTATO RC-15000-2
... A36: 54165 | B36: TAMPA DA PINGADEIRA CINZA PURIFICADOR R600 IBBL | C36: Possível cadastro duplicado | D36: Mesma descrição do(s) código(s) 54166: possível cadastro duplicado.
A37: S/ CÓDIGO | B37: KTM 1000 (PEÇA PLÁSTICA BRANCA) | C37: Conferir informação | D37: Produto não identificado pela imagem; confirmar descrição.
A38: 50 | B38: MOLA P/ CURVAR TUBO 1/2 | C38: Conferir informação | D38: Código muito curto (50). Conferir se é o código correto no sistema.
A39: 52307 | B39: CONTATOR MAGNÉTICO 220V 20A ROHS | C39: Conferir informação | D39: 'ROHS' é selo de conformidade, não marca. Marca não identificada no catálogo.
A40: 52771 | B40: CAPACITOR SIMPLES CBB65 59UF +-5%X440V | C40: Conferir informação | D40: Descrição diz 59UF — provável 50UF. Conferir.
A41: 53493 | B41: DRENO TRANSPARENTE UNIVERSAL P/ AR CONDICIONADOS | C41: Conferir informação | D41: No catálogo a descrição está igual à do 53794; título da seção: MANGUEIRA DE DRENAGEM 60CM.
A42: 53680 | B42: TERMOSTATO RC-4209-2 | C42: Conferir informação | D42: Seção do catálogo diz RFR 4009-2, descrição diz RC-4209-2. Conferir modelo.
A43: 53682 | B43: TERMOSTATO RC- 53600-2 | C43: Conferir informação | D43: Seção do catálogo diz RC-42600-2, mas a descrição diz RC-53600-2 (igual ao 53684). Conferir modelo.
A44: 53943 | B44: MANGUEIRA ESPECIAL 8 X 1,66MM PACOTE 2M | C44: Conferir informação | D44: Título da seção: MANGUEIRA GROSSA 9,52X1,60MM, mas a descrição repete a do 53945 (8 X 1,66MM). Conferir.
A45: 53953 | B45: TORNEIRA PARA BEBEDOURO ROSCA BRANCO E AZUL | C45: Conferir informação | D45: Descrição igual à do 53954 (ROSCA BRANCO E AZUL); título da seção: TORNEIRA PREMIUM.
A46: 54166 | B46: TAMPA DA PINGADEIRA CINZA PURIFICADOR R600 IBBL | C46: Conferir informação | D46: Título da seção: PINGADEIRA PLAST FUMÊ, mas a descrição repete a do 54165 (TAMPA CINZA). Conferir.
A47: 54755 | B47: MALA PARA FERRAMENTAS C/ ALÇA INOX BIG PLUS FACON | C47: Conferir informação | D47: Medidas no catálogo 230 x 360 x 230 'cm' — provavelmente mm. Conferir antes de publicar.
A48: 55021 | B48: RELÉ ELETRÔNICO DIGITAL FALTA DE FASE BVF-1P REF- BVS1-P | C48: Conferir informação | D48: Descrição cita BVF-1P, mas a referência é BVS1-P (falta e sequência de fase). Conferir.
A49: 55091 | B49: FILTRO DE LINHA CINZA BIVOLT 1,5M DE CABO MG-3001 | C49: Conferir informação | D49: No catálogo o título 'FILTRO DE LINHA MG-3001' aparece repetido sobre a foto dos DPS.
... A52: 58450 | B52: CABO FLEXÍVEL VERDE | C52: Conferir informação | D52: Código vindo do nome do arquivo PSD; conferir descrição/bitola.
A53: S/ CÓDIGO | B53: LUVA ANTICORTE WORKER WK31 | C53: Sem código | D53: Produto sem código no catálogo — informar código do sistema.
A54: S/ CÓDIGO | B54: LUVA POLIÉSTER BANHO PU VE702PG | C54: Sem código | D54: Produto sem código no catálogo — informar código do sistema.
A55: S/ CÓDIGO | B55: LUVA NITRÍLICA 33 CM NITREX VE801 | C55: Sem código | D55: Produto sem código no catálogo — informar código do sistema.
A56: S/ CÓDIGO | B56: ÓCULOS PROTEÇÃO UVA UVB SKY | C56: Sem código | D56: Produto sem código no catálogo — informar código do sistema.
A57: S/ CÓDIGO | B57: ÓCULOS PROTEÇÃO UVA UVB SUMMER | C57: Sem código | D57: Produto sem código no catálogo — informar código do sistema.
A58: S/ CÓDIGO | B58: SUPORTE PARA EVAPORADORA | C58: Sem código | D58: Produto sem código no catálogo — informar código do sistema.
A59: S/ CÓDIGO | B59: TUBO ESPONJOSO (TUBEX) | C59: Sem código | D59: Produto sem código no catálogo — informar código do sistema.
A60: S/ CÓDIGO | B60: TUBO DE COBRE | C60: Sem código | D60: Produto sem código no catálogo — informar código do sistema.
A61: S/ CÓDIGO | B61: FLUXO PRATA ARON 200 50GR | C61: Sem código | D61: Produto sem código no catálogo — informar código do sistema.
A62: S/ CÓDIGO | B62: MOTOR BLACK VENT REFR DOMEST 2 POLOS /BRE 43A /BRE 49 B | C62: Sem código | D62: Produto sem código no catálogo — informar código do sistema.
A63: S/ CÓDIGO | B63: MOTOR VENT ELETROLUX/BRASTEMP CONSUL/SAMSUNG | C63: Sem código | D63: Produto sem código no catálogo — informar código do sistema.
A64: S/ CÓDIGO | B64: RELÉ DE TEMPO RTDF 12H 60 MIN COEL | C64: Sem código | D64: Produto sem código no catálogo — informar código do sistema.
... A71: S/ CÓDIGO | B71: SENSOR DE TEMPERATURA COM CABO E CONECTOR | C71: Sem código | D71: Imagem enviada sem código — informar código do sistema.
A72: 1049 | B72: CONTATOR MAGNÉTICO 220V TRIF 18A DECORLUX | C72: Descrição corrigida | D72: Descrição corrigida (DECOLUX → DECORLUX).
A73: 4044 | B73: MULTÍMETRO E CAPACÍMETRO | C73: Descrição corrigida | D73: Descrição corrigida (CAPACIMETRO → CAPACÍMETRO).
A74: 51846 | B74: CONTATOR MAGNÉTICO 220V TRIF 12A DECORLUX | C74: Descrição corrigida | D74: Descrição corrigida (DECOLUX → DECORLUX).
A75: 52283 | B75: REFIL FILTRO DE ÁGUA C+3 IBBL | C75: Descrição corrigida | D75: Descrição corrigida (ÁGUAC +3 → ÁGUA C+3).
A76: 52462 | B76: PROTETOR TÉRMICO GELADEIRA QD 1/8HP | C76: Descrição corrigida | D76: Descrição corrigida (1/8PH → 1/8HP).
A77: 52931 | B77: MULTÍMETRO DT-830B | C77: Descrição corrigida | D77: Descrição corrigida (MULTIMETRO → MULTÍMETRO).
A78: 52931 | B78: MULTÍMETRO My63 20KHZ FACON | C78: Descrição corrigida | D78: Descrição corrigida (MULTIMETRO → MULTÍMETRO).
A79: 52933 | B79: ALICATE AMPERÍMETRO 266FT FACON | C79: Descrição corrigida | D79: Descrição corrigida (AMPERIMETRO → AMPERÍMETRO).
A80: 53156 | B80: RELÉ TECHUSER RP 1/3HP 110V | C80: Descrição corrigida | D80: Descrição corrigida (RELE → RELÉ).
A81: 53157 | B81: RELÉ TECHUSER RP 1/4HP 110V | C81: Descrição corrigida | D81: Descrição corrigida (RELE → RELÉ).
A82: 53158 | B82: RELÉ TECHUSER RP 1/5HP 110V | C82: Descrição corrigida | D82: Descrição corrigida (RELE → RELÉ).
A83: 53480 | B83: CAPACITOR DUPLO CBB65 40UF+8UF X 250VAC | C83: Descrição corrigida | D83: Descrição corrigida (8UFX 250VAC → 8UF X 250VAC).
... A111: 55090 | B111: TOMADA QUÍNTUPLA 2P + T CINZA 20A PARA EXTENSÃO TMU3-320 | C111: Descrição corrigida | D111: Descrição corrigida (QUINTAPLA → QUÍNTUPLA).

Sheet RESUMO
A1: CATEGORIA | B1: Nº DE ITENS | C1: ITENS COM ALERTA | D1: % COM ALERTA
A2: Automação / Temporizadores | B2: =COUNTIF(PRODUTOS!$G$2:$G$324,A2) -> 15 | C2: =COUNTIFS(PRODUTOS!$G$2:$G$324,A2,PRODUTOS!$K$2:$K$324,"?*") -> 5 | D2: =IF(B2=0,0,C2/B2) -> 0.33333333
A3: Capacitores | B3: =COUNTIF(PRODUTOS!$G$2:$G$324,A3) -> 95 | C3: =COUNTIFS(PRODUTOS!$G$2:$G$324,A3,PRODUTOS!$K$2:$K$324,"?*") -> 17 | D3: =IF(B3=0,0,C3/B3) -> 0.17894737
A4: EPI / Segurança | B4: =COUNTIF(PRODUTOS!$G$2:$G$324,A4) -> 21 | C4: =COUNTIFS(PRODUTOS!$G$2:$G$324,A4,PRODUTOS!$K$2:$K$324,"?*") -> 14 | D4: =IF(B4=0,0,C4/B4) -> 0.66666667
A5: Elétrica / Comandos | B5: =COUNTIF(PRODUTOS!$G$2:$G$324,A5) -> 68 | C5: =COUNTIFS(PRODUTOS!$G$2:$G$324,A5,PRODUTOS!$K$2:$K$324,"?*") -> 17 | D5: =IF(B5=0,0,C5/B5) -> 0.25
A6: Ferramentas / Instrumentos | B6: =COUNTIF(PRODUTOS!$G$2:$G$324,A6) -> 27 | C6: =COUNTIFS(PRODUTOS!$G$2:$G$324,A6,PRODUTOS!$K$2:$K$324,"?*") -> 11 | D6: =IF(B6=0,0,C6/B6) -> 0.40740741
A7: Filtros e Purificadores de Água | B7: =COUNTIF(PRODUTOS!$G$2:$G$324,A7) -> 18 | C7: =COUNTIFS(PRODUTOS!$G$2:$G$324,A7,PRODUTOS!$K$2:$K$324,"?*") -> 8 | D7: =IF(B7=0,0,C7/B7) -> 0.44444444
A8: Instalação de Ar-Condicionado | B8: =COUNTIF(PRODUTOS!$G$2:$G$324,A8) -> 8 | C8: =COUNTIFS(PRODUTOS!$G$2:$G$324,A8,PRODUTOS!$K$2:$K$324,"?*") -> 6 | D8: =IF(B8=0,0,C8/B8) -> 0.75
A9: Peças para Lavadora e Bebedouro | B9: =COUNTIF(PRODUTOS!$G$2:$G$324,A9) -> 8 | C9: =COUNTIFS(PRODUTOS!$G$2:$G$324,A9,PRODUTOS!$K$2:$K$324,"?*") -> 2 | D9: =IF(B9=0,0,C9/B9) -> 0.25
A10: Químicos / Solda e Vedação | B10: =COUNTIF(PRODUTOS!$G$2:$G$324,A10) -> 14 | C10: =COUNTIFS(PRODUTOS!$G$2:$G$324,A10,PRODUTOS!$K$2:$K$324,"?*") -> 1 | D10: =IF(B10=0,0,C10/B10) -> 0.071428571
A11: Refrigeração / Componentes | B11: =COUNTIF(PRODUTOS!$G$2:$G$324,A11) -> 49 | C11: =COUNTIFS(PRODUTOS!$G$2:$G$324,A11,PRODUTOS!$K$2:$K$324,"?*") -> 17 | D11: =IF(B11=0,0,C11/B11) -> 0.34693878
A12: TOTAL | B12: =SUM(B2:B11) -> 323 | C12: =SUM(C2:C11) -> 98 | D12: =IF(B12=0,0,C12/B12) -> 0.30340557
A14: Itens sem código | B14: =COUNTIF(PRODUTOS!$B$2:$B$324,"S/ CÓDIGO") -> 19
A15: Imagens de produto distintas | B15: 145
A16: Posts de Instagram gerados | B16: 145
A17: Fonte: catálogo 'oficial_livro_paginas_impares.pdf' + imagens enviadas (fotos e PSD). Contagens de imagens/posts calculadas na geração do arquivo.

Sheet LEIA-ME
A1: O QUE É | B1: Base de produtos extraída do catálogo Aristeu Refrigeração (PDF) com foto tratada de cada item.
A2: IMAGEM | B2: Miniatura 30x30 px (clique na imagem para ver maior; ela foi inserida com resolução 4x para ficar nítida com zoom).
A3: ARQUIVO IMAGEM | B3: Nome do PNG 1200x1200 com fundo transparente na pasta imagens/png_transparente_1200 — pronto para o site e para montar catálogo. O nome do arquivo é o código do produto.
A4: POST INSTAGRAM | B4: Arte 1080x1350 (formato retrato 4:5) na pasta imagens/instagram_1080x1350 — um post por produto/família, com logo, códigos e WhatsApp das lojas.
A5: TRATAMENTO | B5: Fotos do catálogo ampliadas 4x por IA (Real-ESRGAN). Onde a foto não tinha recorte, o fundo foi removido por IA (ISNet). As fotos originais do catálogo são pequenas (≈100–400 px); para zoom de e-commerce acima de 1200 px, o ideal é pedir as fotos originais ao fornecedor.
A6: INFORMAÇÕES COMPLEMENTARES | B6: Dados do próprio catálogo (medidas, aplicações, compatibilidades, referências) + descrição técnica geral do tipo de produto. Conferir ficha técnica do fornecedor antes de publicar especificações críticas.
A7: ALERTAS / CONFERIR | B7: Problemas encontrados no catálogo: mesmo código usado para produtos diferentes, descrições trocadas, produtos sem código e correções de digitação. Ver aba ALERTAS CADASTRO — corrigir no sistema evita venda e compra do item errado.
A8: ITENS 'S/ CÓDIGO' | B8: Aparecem no catálogo ou nas imagens enviadas sem código. Preencher a coluna CÓDIGO com o código do sistema e renomear o arquivo PNG correspondente.
A9: COMO EDITAR | B9: Pode editar/preencher as colunas B a G livremente; a aba RESUMO recalcula sozinha.
