Workbook

Sheet PRODUTOS
A1: IMAGEM | B1: CÓDIGO DO PRODUTO | C1: DESCRIÇÃO | D1: REFERÊNCIA DO FABRICANTE | E1: MARCA / FABRICANTE | F1: INFORMAÇÕES COMPLEMENTARES DO FORNECEDOR | G1: SALDO | H1: STATUS DA FOTO | I1: CATEGORIA | J1: ARQUIVO IMAGEM (SITE / CATÁLOGO) | K1: POST INSTAGRAM | L1: DESCRIÇÃO NO CATÁLOGO | M1: DIVERGÊNCIAS / CONFERIR
B2: 055221 | C2: CONTROLADOR DIG TEMP P REFR CERVEJEIRA P03CG FAZ CJ COM B05G | D2: P03CGBARR-S-0FS-- | E2: COEL | F2: Controlador digital de temperatura para refrigerador/cervejeira. Faz conjunto com o sensor B05G (catálogo). | G2: 1 | H2: COM FOTO | I2: Automação / Temporizadores | J2: 055221.png | K2: 055221_CONTROLADOR-DIG-TEMP-P-REFR-CERVEJEIRA-P03CG-FAZ-C.jpg | L2: CONTROLADOR DIG TEMP P REFR CERVEJEIRA P03C COEL REF-P03CGBARR-S-0FS (FAZ CONJUNTO COM B05G)
B3: 054851 | C3: INTERRUP PROGRAMAVEL HORARIO DE ENERGIA RTM TEMPORIZADO COEL | D3: 11249014 | E3: COEL | F3: Interruptor horário programável analógico (timer) RTM para ligar/desligar cargas em horários definidos. | G3: 8 | H3: COM FOTO | I3: Automação / Temporizadores | J3: 054851.png | K3: 054851_INTERRUP-PROGRAMAVEL-HORARIO-DE-ENERGIA-RTM-TEMPOR.jpg | L3: INTERRUPTOR PROGRAMÁVEL HORÁRIO DE ENERGIA RTM TEMPORIZADO COEL REF- 11249014
B4: 054852 | C4: PROGRAMADOR HORA D ENERGIA RTST 20 MEMORIAS RTST-20HR-P COEL | D4: RTST-20HR-P | E4: COEL | F4: Programador horário digital com 20 memórias (RTST 20). | G4: 5 | H4: COM FOTO | I4: Automação / Temporizadores | J4: 054852.png | K4: 054852_PROGRAMADOR-HORA-D-ENERGIA-RTST-20-MEMORIAS-RTST-2.jpg | L4: PROGRAMADOR HORA DE ENERGIA RTM TEMPORIZADO REF- RTS-20HR-P COEL | M4: [Referência diferente] Planilha: RTST-20HR-P | Catálogo: RTS-20HR-P
B5: 054978 | C5: RELE DE TEMPO AEG-ALIM 12VCC 60 SEGUNDOS COEL | D5: AEG-FGS---P | E5: COEL | F5: Relé de tempo AG com alimentação 12 VCC, escala até 60 segundos. | G5: 6 | H5: COM FOTO | I5: Automação / Temporizadores | J5: 054978.png | K5: 054978_RELE-DE-TEMPO-AEG-ALIM-12VCC-60-SEGUNDOS-COEL.jpg | L5: RELÉ DE TEMPO AG-ALIM 12VCC 60 SEGUNDOS REF-AEG-FGS-P
B6: 054976 | C6: RELE DE TEMPO AEG-ALIM 94A 242VAC 30 SEGUNDOS COEL | D6: AEG-UFS---P | E6: COEL | F6: Relé de tempo AG, alimentação 94 a 242 VAC, escala até 30 segundos. | G6: 2 | H6: COM FOTO | I6: Automação / Temporizadores | J6: 054976.png | K6: 054976_RELE-DE-TEMPO-AEG-ALIM-94A-242VAC-30-SEGUNDOS-COEL.jpg | L6: RELÉ DE TEMPO AG-ALIM 94A 242VAC 30 SEGUNDOS REF-AEG-UFS-P
B7: 053494 | C7: CAPACITOR CBB60, 5UF +-5% X 250V COM FIO FACON | D7: CBB60 | E7: FACON | F7: Capacitor de funcionamento CBB60 com cabos (fios) de ligação, 250 VAC, tolerância ±5%, 50/60 Hz. Uso em motores monofásicos. | G7: 36 | H7: COM FOTO | I7: Capacitores | J7: 053494.png | K7: CAPACITOR-COM-FIO-250V-CBB60.jpg | L7: CAPACITOR CBB60 5UF +-5%X250V COM FIO | M7: [Referência vinda do catálogo] Referência vazia na planilha; usada a do catálogo: CBB60
B8: 054120 | C8: CAPACITOR CBB60, 5UF +-5% X 250V FACON | D8: CBB60 | E8: FACON | F8: Capacitor de funcionamento (permanente) CBB60, 250 VAC, tolerância ±5%, 50/60 Hz, terminais tipo faston. Uso em motores monofásicos (ventiladores, bombas, lavadoras). | G8: 18 | H8: COM FOTO | I8: Capacitores | J8: 054120.png | K8: CAPACITOR-SIMPLES-250V-CBB60.jpg | L8: CAPACITOR SIMPLES CBB60 5UF+-5%X250V | M8: [Referência vinda do catálogo] Referência vazia na planilha; usada a do catálogo: CBB60
B9: 053495 | C9: CAPACITOR CBB60, 6UF +-5% X 250V COM FIO FACON | D9: CBB60 | E9: FACON | F9: Capacitor de funcionamento CBB60 com cabos (fios) de ligação, 250 VAC, tolerância ±5%, 50/60 Hz. Uso em motores monofásicos. | G9: 90 | H9: COM FOTO | I9: Capacitores | J9: 053495.png | K9: CAPACITOR-COM-FIO-250V-CBB60.jpg | L9: CAPACITOR CBB60 6UF +-5%X250V COM FIO | M9: [Referência vinda do catálogo] Referência vazia na planilha; usada a do catálogo: CBB60
B10: 053496 | C10: CAPACITOR CBB60, 7UF +-5% X 250V COM FIO FACON | D10: CBB60 | E10: FACON | F10: Capacitor de funcionamento CBB60 com cabos (fios) de ligação, 250 VAC, tolerância ±5%, 50/60 Hz. Uso em motores monofásicos. | G10: 1 | H10: COM FOTO | I10: Capacitores | J10: 053496.png | K10: CAPACITOR-COM-FIO-250V-CBB60.jpg | L10: CAPACITOR CBB60 7UF+-5%X250V COM FIO | M10: [Referência vinda do catálogo] Referência vazia na planilha; usada a do catálogo: CBB60
B11: 053497 | C11: CAPACITOR CBB60, 8UF +-5% X 250V COM FIO FACON | D11: CBB60 | E11: FACON | F11: Capacitor de funcionamento CBB60 com cabos (fios) de ligação, 250 VAC, tolerância ±5%, 50/60 Hz. Uso em motores monofásicos. | G11: 80 | H11: COM FOTO | I11: Capacitores | J11: 053497.png | K11: CAPACITOR-COM-FIO-250V-CBB60.jpg | L11: CAPACITOR CBB60 8UF +-5%X250V COM FIO | M11: [Referência vinda do catálogo] Referência vazia na planilha; usada a do catálogo: CBB60
B12: 055201 | C12: CAPACITOR CBB60, 8UF +-5% X 250V FACON | D12: CBB60 | E12: FACON | F12: Capacitor de funcionamento (permanente) CBB60, 250 VAC, tolerância ±5%, 50/60 Hz, terminais tipo faston. Uso em motores monofásicos (ventiladores, bombas, lavadoras). | G12: 1 | H12: COM FOTO | I12: Capacitores | J12: 055201.png | K12: CAPACITOR-SIMPLES-250V-CBB60.jpg | L12: CAPACITOR SIMPLES CBB60 8UF+-5%X250V | M12: [Referência vinda do catálogo] Referência vazia na planilha; usada a do catálogo: CBB60
B13: 053140 | C13: CAPACITOR CBB60, 10UF +-5% X 250V FACON | D13: CBB60 | E13: FACON | F13: Capacitor de funcionamento (permanente) CBB60, 250 VAC, tolerância ±5%, 50/60 Hz, terminais tipo faston. Uso em motores monofásicos (ventiladores, bombas, lavadoras). | G13: 6 | H13: COM FOTO | I13: Capacitores | J13: 053140.png | K13: CAPACITOR-SIMPLES-250V-CBB60.jpg | L13: CAPACITOR SIMPLES CBB60 10UF +-5% X 250V | M13: [Referência vinda do catálogo] Referência vazia na planilha; usada a do catálogo: CBB60
B14: 053504 | C14: CAPACITOR CBB60, 15UF +-5% X 250V COM FIO FACON | D14: CBB60 | E14: FACON | F14: Capacitor de funcionamento CBB60 com cabos (fios) de ligação, 250 VAC, tolerância ±5%, 50/60 Hz. Uso em motores monofásicos. | G14: 19 | H14: COM FOTO | I14: Capacitores | J14: 053504.png | K14: CAPACITOR-COM-FIO-250V-CBB60.jpg | L14: CAPACITOR CBB60 15UF+-5%X250V COM FIO | M14: [Referência vinda do catálogo] Referência vazia na planilha; usada a do catálogo: CBB60
B15: 054104 | C15: CAPACITOR CBB60, 15UF +-5% X 250V FACON | D15: CBB60 | E15: FACON | F15: Capacitor de funcionamento (permanente) CBB60, 250 VAC, tolerância ±5%, 50/60 Hz, terminais tipo faston. Uso em motores monofásicos (ventiladores, bombas, lavadoras). | G15: 5 | H15: COM FOTO | I15: Capacitores | J15: 054104.png | K15: CAPACITOR-SIMPLES-250V-CBB60.jpg | L15: CAPACITOR SIMPLES CBB60 15UF +-5% X 250V | M15: [Referência vinda do catálogo] Referência vazia na planilha; usada a do catálogo: CBB60
B16: 053505 | C16: CAPACITOR CBB60, 17.5UF +-5% X 250V COM FIO FACON | D16: CBB60 | E16: FACON | F16: Capacitor de funcionamento CBB60 com cabos (fios) de ligação, 250 VAC, tolerância ±5%, 50/60 Hz. Uso em motores monofásicos. | G16: 49 | H16: COM FOTO | I16: Capacitores | J16: 053505.png | K16: CAPACITOR-COM-FIO-250V-CBB60.jpg | L16: CAPACITOR CBB60 17,5UF+-5%X250V COM FIO | M16: [Referência vinda do catálogo] Referência vazia na planilha; usada a do catálogo: CBB60
B17: 053506 | C17: CAPACITOR CBB60, 20UF +-5% X 250V COM FIO FACON | D17: CBB60 | E17: FACON | F17: Capacitor de funcionamento CBB60 com cabos (fios) de ligação, 250 VAC, tolerância ±5%, 50/60 Hz. Uso em motores monofásicos. | G17: 276 | H17: COM FOTO | I17: Capacitores | J17: 053506.png | K17: CAPACITOR-COM-FIO-250V-CBB60.jpg | L17: CAPACITOR CBB60 20UF+-5%X250V COM FIO | M17: [Referência vinda do catálogo] Referência vazia na planilha; usada a do catálogo: CBB60
B18: 053141 | C18: CAPACITOR CBB60, 20UF +-5% X 250V FACON | D18: CBB60 | E18: FACON | F18: Capacitor de funcionamento (permanente) CBB60, 250 VAC, tolerância ±5%, 50/60 Hz, terminais tipo faston. Uso em motores monofásicos (ventiladores, bombas, lavadoras). | G18: 5 | H18: COM FOTO | I18: Capacitores | J18: 053141.png | K18: CAPACITOR-SIMPLES-250V-CBB60.jpg | L18: CAPACITOR SIMPLES CBB60 20UF+-5%X250V | M18: [Referência vinda do catálogo] Referência vazia na planilha; usada a do catálogo: CBB60
... B69: 053139 | C69: CAPACITOR DUPLO CBB65, 55UF + 6UF X 440VAC FACON | D69: CBB65 | E69: FACON | F69: Capacitor duplo CBB65 (compressor + ventilador) em um só corpo, 3 bornes (C / HERM / FAN). Capacitâncias no formato compressor + ventilador; tensão conforme descrição. | G69: 44 | H69: COM FOTO | I69: Capacitores | J69: 053139.png | K69: CAPACITOR-DUPLO-440V-250V-CBB65.jpg | L69: CAPACITOR DUPLO CBB65 55UF +6UF X 440VAC | M69: [Referência vinda do catálogo] Referência vazia na planilha; usada a do catálogo: CBB65
B70: 054357 | C70: LUVA NITRILO VERDE 33CM 8 | D70: VE801VE08 | E70: DELTAPLUS | F70: Luva nitrílica de cano longo (33 cm) para manuseio de produtos químicos. | G70: 6 | H70: COM FOTO | I70: EPI / Segurança | J70: 054357.png | K70: LUVA-NITRILICA-33-CM-NITREX-VE801.jpg | L70: LUVA NITRÍLICA 33 CM NITREX VE801
B71: 054358 | C71: LUVA NITRILO VERDE 33CM 9 | D71: VE801VE09 | E71: DELTAPLUS | F71: Luva nitrílica de cano longo (33 cm) para manuseio de produtos químicos. | G71: 1 | H71: COM FOTO | I71: EPI / Segurança | J71: 054358.png | K71: LUVA-NITRILICA-33-CM-NITREX-VE801.jpg | L71: LUVA NITRÍLICA 33 CM NITREX VE801
B72: 054338 | C72: OCULOS SUMMER INCOLOR | D72: WPS0254 | E72: DELTAPLUS | F72: Óculos de segurança com proteção UVA/UVB, lente incolor. | G72: 2 | H72: COM FOTO | I72: EPI / Segurança | J72: 054338.png | K72: 054338_OCULOS-SUMMER-INCOLOR.jpg | L72: ÓCULOS PROTEÇÃO UVA UVB SUMMER
B73: 054824 | C73: SAPATO ELESTICO BRANCO SEM BICO MONO TPB100 38 CARTON | D73: 4068 | E73: CARTON | F73: Sapato ocupacional branco com elástico lateral, sem biqueira. Numeração ao final da descrição. | G73: 3 | H73: COM FOTO | I73: EPI / Segurança | J73: 054824.png | K73: SAPATO-ELASTICO-S-BICO-TPB100.jpg | L73: SAPATO ELÁSTICO BRANCO SEM BICO MONO TPB100 38 CARTON
B74: 054825 | C74: SAPATO ELESTICO BRANCO SEM BICO MONO TPB100 39 CARTON | D74: 4069 | E74: CARTON | F74: Sapato ocupacional branco com elástico lateral, sem biqueira. Numeração ao final da descrição. | G74: 2 | H74: COM FOTO | I74: EPI / Segurança | J74: 054825.png | K74: SAPATO-ELASTICO-S-BICO-TPB100.jpg | L74: SAPATO ELÁSTICO BRANCO SEM BICO MONO TPB100 39 CARTON
B75: 054826 | C75: SAPATO ELESTICO BRANCO SEM BICO MONO TPB100 40 CARTON | D75: 4070 | E75: CARTON | F75: Sapato ocupacional branco com elástico lateral, sem biqueira. Numeração ao final da descrição. | G75: 4 | H75: COM FOTO | I75: EPI / Segurança | J75: 054826.png | K75: SAPATO-ELASTICO-S-BICO-TPB100.jpg | L75: SAPATO ELÁSTICO BRANCO SEM BICO MONO TPB100 40 CARTON
B76: 054827 | C76: SAPATO ELESTICO BRANCO SEM BICO MONO TPB100 41 CARTON | D76: 4071 | E76: CARTON | F76: Sapato ocupacional branco com elástico lateral, sem biqueira. Numeração ao final da descrição. | G76: 3 | H76: COM FOTO | I76: EPI / Segurança | J76: 054827.png | K76: SAPATO-ELASTICO-S-BICO-TPB100.jpg | L76: SAPATO ELÁSTICO BRANCO SEM BICO MONO TPB100 41 CARTON
B77: 054828 | C77: SAPATO ELESTICO BRANCO SEM BICO MONO TPB100 42 CARTON | D77: 4072 | E77: CARTON | F77: Sapato ocupacional branco com elástico lateral, sem biqueira. Numeração ao final da descrição. | G77: 3 | H77: COM FOTO | I77: EPI / Segurança | J77: 054828.png | K77: SAPATO-ELASTICO-S-BICO-TPB100.jpg | L77: SAPATO ELÁSTICO BRANCO SEM BICO MONO TPB100 42 CARTON
B78: 054829 | C78: SAPATO ELESTICO BRANCO SEM BICO MONO TPB100 43 CARTON | D78: 4073 | E78: CARTON | F78: Sapato ocupacional branco com elástico lateral, sem biqueira. Numeração ao final da descrição. | G78: 1 | H78: COM FOTO | I78: EPI / Segurança | J78: 054829.png | K78: SAPATO-ELASTICO-S-BICO-TPB100.jpg | L78: SAPATO ELÁSTICO BRANCO SEM BICO MONO TPB100 43 CARTON
B79: 054830 | C79: SAPATO ELESTICO BRANCO SEM BICO MONO TPB100 44 CARTON | D79: 4074 | E79: CARTON | F79: Sapato ocupacional branco com elástico lateral, sem biqueira. Numeração ao final da descrição. | G79: 3 | H79: COM FOTO | I79: EPI / Segurança | J79: 054830.png | K79: SAPATO-ELASTICO-S-BICO-TPB100.jpg | L79: SAPATO ELÁSTICO BRANCO SEM BICO MONO TPB100 44 CARTON
B80: 054838 | C80: SAPATO POLIMERICO BRANCO SEM BICO BIDENCID COB101 36 CARTON | D80: 7947 | E80: CARTON | F80: Sapato polimérico branco, sem biqueira, fácil de lavar. Numeração ao final da descrição. | G80: 6 | H80: COM FOTO | I80: EPI / Segurança | J80: 054838.png | K80: SAPATO-BRANCO-SEM-BICO-COB-101.jpg | L80: SAPATO POLIMÉRICO BRANCO SEM BICO BIDENCID COB101 36 CARTON
B81: 054839 | C81: SAPATO POLIMERICO BRANCO SEM BICO BIDENCID COB101 37 CARTON | D81: 7948 | E81: CARTON | F81: Sapato polimérico branco, sem biqueira, fácil de lavar. Numeração ao final da descrição. | G81: 10 | H81: COM FOTO | I81: EPI / Segurança | J81: 054839.png | K81: SAPATO-BRANCO-SEM-BICO-COB-101.jpg | L81: SAPATO POLIMÉRICO BRANCO SEM BICO BIDENCID COB101 37 CARTON
... B88: 055104 | C88: CONJ BOTAO DUPLO PULSADOR FACEADO VISOR VERMELHO + BLOCOS | D88: 17457 | E88: MARGIRIUS | F88: Botão duplo pulsador com visor vermelho e blocos de contato. | G88: 15 | H88: COM FOTO | I88: Elétrica / Comandos | J88: 055104.png | K88: 055104_CONJ-BOTAO-DUPLO-PULSADOR-FACEADO-VISOR-VERMELHO-B.jpg | L88: CONJUNTO BOTÃO DUPLO PULSADOR FACEADO VISOR VERMELHO + BLOCOS
B89: 054084 | C89: CONTATOR ELETROMAGNETICO 3 POLOS 30A 220V P A/C FACON | E89: FACON | F89: Contator magnético com bobina 220 V para acionamento de motores e compressores; nº de polos (MONO/BIF/TRIF) e corrente nominal na descrição. | G89: 2 | H89: COM FOTO | I89: Elétrica / Comandos | J89: 054084.png | K89: CONTATOR-MAGNETICO.jpg | L89: CONTATOR MAGNÉTICO 220V TRIF 30A FACON
B90: 052306 | C90: CONTATOR ELETROMAGNETICO 220V 18A CHNT | E90: CHINT | F90: Contator magnético com bobina 220 V para acionamento de motores e compressores; nº de polos (MONO/BIF/TRIF) e corrente nominal na descrição. | G90: 1 | H90: COM FOTO | I90: Elétrica / Comandos | J90: 052306.png | K90: CONTATOR-MAGNETICO.jpg | L90: CONTATOR MAGNÉTICO 220V 18A CHINT | M90: [Marca vinda do catálogo] Fabricante vazio na planilha; usada a marca do catálogo: CHINT
B91: 052336 | C91: CONTATOR ELETROMAGNETICO 220V TRIF 9A DECORLUX | D91: C0-0910M7 | E91: DECORLUX | F91: Contator magnético com bobina 220 V para acionamento de motores e compressores; nº de polos (MONO/BIF/TRIF) e corrente nominal na descrição. | G91: 77 | H91: COM FOTO | I91: Elétrica / Comandos | J91: 052336.png | K91: CONTATOR-MAGNETICO.jpg | L91: CONTATOR MAGNÉTICO 220V TRIF 9A DECORLUX
B92: 051846 | C92: CONTATOR ELETROMAGNETICO 220V TRIF 12A DECORLUX | D92: C0-1210M7 | E92: DECORLUX | F92: Contator magnético com bobina 220 V para acionamento de motores e compressores; nº de polos (MONO/BIF/TRIF) e corrente nominal na descrição. | G92: 65 | H92: COM FOTO | I92: Elétrica / Comandos | J92: 051846.png | K92: CONTATOR-MAGNETICO.jpg | L92: CONTATOR MAGNÉTICO 220V TRIF 12A DECORLUX
B93: 001049 | C93: CONTATOR ELETROMAGNETICO 220V TRIF 18A DECORLUX | D93: CO-1810M7 | E93: DECORLUX | F93: Contator magnético com bobina 220 V para acionamento de motores e compressores; nº de polos (MONO/BIF/TRIF) e corrente nominal na descrição. | G93: 120 | H93: COM FOTO | I93: Elétrica / Comandos | J93: 001049.png | K93: CONTATOR-MAGNETICO.jpg | L93: CONTATOR MAGNÉTICO 220V TRIF 18A DECORLUX
B94: 053854 | C94: CONTATOR ELETROMAGNETICO 220V TRIF 80A DECORLUX | D94: CO-8011M7 | E94: DECORLUX | F94: Contator magnético com bobina 220 V para acionamento de motores e compressores; nº de polos (MONO/BIF/TRIF) e corrente nominal na descrição. | G94: 1 | H94: COM FOTO | I94: Elétrica / Comandos | J94: 053854.png | K94: CONTATOR-MAGNETICO.jpg | L94: CONTATOR MAGNÉTICO 220V TRIF 80A DECORLUX
B95: 053708 | C95: CONTATOR ELETROMAGNETICO TRIF 40A 220V LC1-D4011M7 FACON | D95: LC1-D4011M7 | E95: FACON | F95: Contator magnético com bobina 220 V para acionamento de motores e compressores; nº de polos (MONO/BIF/TRIF) e corrente nominal na descrição. | G95: 1 | H95: COM FOTO | I95: Elétrica / Comandos | J95: 053708.png | K95: CONTATOR-MAGNETICO.jpg | L95: CONTATOR MAGNÉTICO 220V TRIF 40A FACON
B96: 055097 | C96: DPS DISPOSITIVO DE PROTECAO CONTRA SURTO 12KA 127V CLASSE II | D96: 18673 | E96: MARGIRIUS | F96: DPS (dispositivo de proteção contra surtos) 12 kA, 127 V, classe II, trilho DIN. | G96: 5 | H96: COM FOTO | I96: Elétrica / Comandos | J96: 055097.png | K96: DPS-DISPOSITIVO-DE-PROTECAO-CONTRA-SURTO-45KA-127V.jpg | L96: DPS DISPOSITIVO DE PROTEÇÃO CONTRA SURTO 12K 127V CLASSE II
B97: 055098 | C97: DPS DISPOSITIVO DE PROTECAO CONTRA SURTO 30KA 127V CLASSE II | D97: 13760 | E97: MARGIRIUS | F97: DPS (dispositivo de proteção contra surtos) 30 kA, 127 V, classe II, trilho DIN. | G97: 8 | H97: COM FOTO | I97: Elétrica / Comandos | J97: 055098.png | K97: DPS-DISPOSITIVO-DE-PROTECAO-CONTRA-SURTO-45KA-127V.jpg | L97: DPS DISPOSITIVO DE PROTEÇÃO CONTRA SURTO 30K 127V CLASSE II
B98: 055099 | C98: DPS DISPOSITIVO DE PROTECAO CONTRA SURTO 45KA 127V CLASSE II | D98: 16787 | E98: MARGIRIUS | F98: DPS (dispositivo de proteção contra surtos) 45 kA, 127 V, classe II, trilho DIN. | G98: 4 | H98: COM FOTO | I98: Elétrica / Comandos | J98: 055099.png | K98: DPS-DISPOSITIVO-DE-PROTECAO-CONTRA-SURTO-45KA-127V.jpg | L98: DPS DISPOSITIVO DE PROTEÇÃO CONTRA SURTO 45K 127V CLASSE II
B99: 055100 | C99: DPS DISPOSITIVO DE PROTECAO CONTRA SURTO 60KA 127V CLASSE II | D99: 16789 | E99: MARGIRIUS | F99: DPS (dispositivo de proteção contra surtos) 60 kA, 127 V, classe II, trilho DIN. | G99: 4 | H99: COM FOTO | I99: Elétrica / Comandos | J99: 055100.png | K99: DPS-DISPOSITIVO-DE-PROTECAO-CONTRA-SURTO-45KA-127V.jpg | L99: DPS DISPOSITIVO DE PROTEÇÃO CONTRA SURTO 60K 127V CLASSE II
B100: 055091 | C100: FILTRO DE LINHA CINZA BIVOLT 1,5M DE CABO MG-3001 | D100: MG-3001 | E100: MARGIRIUS | F100: Filtro de linha bivolt com 1,5 m de cabo, cor cinza. | G100: 1 | H100: COM FOTO | I100: Elétrica / Comandos | J100: 055091.png | K100: 055091_FILTRO-DE-LINHA-CINZA-BIVOLT-1-5M-DE-CABO-MG-3001.jpg | L100: FILTRO DE LINHA CINZA BIVOLT 1,5M DE CABO MG-3001
B101: 055069 | C101: INTERRUPTOR ALAVANCA BIPOLAR 15A TIC-TAC 14223 A1B1P1Q | D101: 14223 | E101: MARGIRIUS | F101: Interruptor de alavanca bipolar 15 A. | G101: 62 | H101: COM FOTO | I101: Elétrica / Comandos | J101: 055069.png | K101: 055069_INTERRUPTOR-ALAVANCA-BIPOLAR-15A-TIC-TAC-14223-A1B.jpg | L101: INTERRUPTOR ALAVANCA BIPOLAR 15A 14223
B102: 055067 | C102: INTERRUPTOR ALAVANCA BIPOLAR 20A TIC-TAC CS-301A | D102: CS-301A | E102: MARGIRIUS | F102: Interruptor de alavanca bipolar 20 A. | G102: 1 | H102: COM FOTO | I102: Elétrica / Comandos | J102: 055067.png | K102: 055067_INTERRUPTOR-ALAVANCA-BIPOLAR-20A-TIC-TAC-CS-301A.jpg | L102: INTERRUPTOR ALAVANCA BIPOLAR 20A CS-301A
... B105: 055089 | C105: PLUG GIGANTE MACHO PRETO 2P+T 20A 90G C PRENSA CABO PLD8-3 | D105: PLD8-3 | E105: MARGIRIUS | F105: Plugue macho gigante 2P+T 20 A, corpo preto. | G105: 9 | H105: COM FOTO | I105: Elétrica / Comandos | J105: 055089.png | K105: 055089_PLUG-GIGANTE-MACHO-PRETO-2P-T-20A-90G-C-PRENSA-CAB.jpg | L105: PLUG GIGANTE MACHO PRETO 2P+T 20A PLD8-3
B106: 055083 | C106: PLUG MACHO PRETO 2P 10A PLD1-2 | D106: PLD1-2 | E106: MARGIRIUS | F106: Plugue macho 2P 10 A, corpo preto. | G106: 6 | H106: COM FOTO | I106: Elétrica / Comandos | J106: 055083.png | K106: 055083_PLUG-MACHO-PRETO-2P-10A-PLD1-2.jpg | L106: PLUG MACHO PRETO 2P 10A PDL1-2 | M106: [Referência diferente] Planilha: PLD1-2 | Catálogo: PDL1-2
B107: 055084 | C107: PLUG MACHO PRETO 2P+T 10A PLD1-3 | D107: PLD1-3 | E107: MARGIRIUS | F107: Plugue macho 2P+T 10 A, corpo preto. | G107: 1 | H107: COM FOTO | I107: Elétrica / Comandos | J107: 055084.png | K107: 055084_PLUG-MACHO-PRETO-2P-T-10A-PLD1-3.jpg | L107: PLUG MACHO PRETO 3P + T 10A PDL1-3 | M107: [Referência diferente] Planilha: PLD1-3 | Catálogo: PDL1-3
B108: 055027 | C108: QUADRO / PAINEL PARA COMANDO 30X20X20 | D108: PML302020 | E108: LUKBOX | F108: Quadro de comando metálico com porta, fechadura e placa de montagem interna (laranja). Medidas A x L x P (cm) indicadas na descrição. | G108: 1 | H108: COM FOTO | I108: Elétrica / Comandos | J108: 055027.png | K108: QUADRO-PAINEL-PARA-COMANDO.jpg | L108: QUADRO PAINEL PARA COMANDO 30X20X20
B109: 055033 | C109: QUADRO / PAINEL PARA COMANDO 60X60X25 | D109: PML606025 | E109: LUKBOX | F109: Quadro de comando metálico com porta, fechadura e placa de montagem interna (laranja). Medidas A x L x P (cm) indicadas na descrição. | G109: 1 | H109: COM FOTO | I109: Elétrica / Comandos | J109: 055033.png | K109: QUADRO-PAINEL-PARA-COMANDO.jpg | L109: QUADRO PAINEL PARA COMANDO 60X60X25
B110: 054147 | C110: RELE CONTATOR 4 PINOS 18A/277VAC FACON | D110: 90-364 | E110: FACON | F110: Relé contator 30 A / 277 VAC para placas e comandos de ar-condicionado; nº de pinos na descrição. | G110: 166 | H110: COM FOTO | I110: Elétrica / Comandos | J110: 054147.png | K110: 054147_RELE-CONTATOR-4-PINOS-18A-277VAC-FACON.jpg | L110: RELÉ CONTATOR 4 PINOS 30A/277VAC | M110: [Descrição diferente para o mesmo código] Catálogo: 'RELÉ CONTATOR 4 PINOS 30A/277VAC' | Planilha: 'RELE CONTATOR 4 PINOS 18A/277VAC FACON' (números só no catálogo: 30)
B111: 053849 | C111: RELE TERMICO E SOBRECARGA 25A AJUSTE 9-13A DECORLUX | D111: RT-2513 | E111: DECORLUX | F111: Relé térmico de sobrecarga para proteção de motores; faixa de ajuste de corrente na descrição. Montagem acoplada ao contator. | G111: 50 | H111: COM FOTO | I111: Elétrica / Comandos | J111: 053849.png | K111: RELE-DE-SOBRECARGA.jpg | L111: RELÉ TÉRMICO 25A AJUSTE 9-13A DECORLUX
B112: 052220 | C112: RELE TERMICO E SOBRECARGA 25A AJUSTE 12-18A DECORLUX | D112: RT-2518 | E112: DECORLUX | F112: Relé térmico de sobrecarga para proteção de motores; faixa de ajuste de corrente na descrição. Montagem acoplada ao contator. | G112: 57 | H112: COM FOTO | I112: Elétrica / Comandos | J112: 052220.png | K112: RELE-DE-SOBRECARGA.jpg | L112: RELÉ TÉRMICO 25A AJUSTE 12-18A DECORLUX
B113: 052221 | C113: RELE TERMICO E SOBRECARGA 25A AJUSTE 17-25A DECORLUX | D113: RT-2525 | E113: DECORLUX | F113: Relé térmico de sobrecarga para proteção de motores; faixa de ajuste de corrente na descrição. Montagem acoplada ao contator. | G113: 1 | H113: COM FOTO | I113: Elétrica / Comandos | J113: 052221.png | K113: RELE-DE-SOBRECARGA.jpg | L113: RELÉ TÉRMICO 25A AJUSTE 17-25A DECORLUX
B114: 053852 | C114: RELE TERMICO E SOBRECARGA 93A AJUSTE 55-70A DECORLUX | D114: RT-9370 | E114: DECORLUX | F114: Relé térmico de sobrecarga para proteção de motores; faixa de ajuste de corrente na descrição. Montagem acoplada ao contator. | G114: 5 | H114: COM FOTO | I114: Elétrica / Comandos | J114: 053852.png | K114: RELE-DE-SOBRECARGA.jpg | L114: RELÉ TÉRMICO 93A AJUSTE 55-70A DECORLUX
B115: 053851 | C115: RELE TERMICO E SOBRECARGA 93A AJUSTE 80-93A DECORLUX | D115: RT-9393 | E115: DECORLUX | F115: Relé térmico de sobrecarga para proteção de motores; faixa de ajuste de corrente na descrição. Montagem acoplada ao contator. | G115: 5 | H115: COM FOTO | I115: Elétrica / Comandos | J115: 053851.png | K115: RELE-DE-SOBRECARGA.jpg | L115: RELÉ TÉRMICO 93A AJUSTE 80-93A DECORLUX
B116: 055106 | C116: SINALEIRO MONOBLOCO 220VCA BRANCO | D116: SN-B6 | E116: MARGIRIUS | F116: Sinaleiro (lâmpada de sinalização) monobloco 220 V, cor branca, 22 mm. | G116: 18 | H116: COM FOTO | I116: Elétrica / Comandos | J116: 055106.png | K116: 055106_SINALEIRO-MONOBLOCO-220VCA-BRANCO.jpg | L116: SINALEIRO MONOBLOCO 220V BRANCO
B117: 055090 | C117: TOMADA QUINTAPLA 2P+T CINZA 20A PARA EXTENSAO TMU5-320 17775 | D117: TMU5-320 17775 | E117: MARGIRIUS | F117: Tomada quíntupla 2P+T 20 A para extensão, cor cinza. | G117: 7 | H117: COM FOTO | I117: Elétrica / Comandos | J117: 055090.png | K117: 055090_TOMADA-QUINTAPLA-2P-T-CINZA-20A-PARA-EXTENSAO-TMU5.jpg | L117: TOMADA QUÍNTUPLA 2P + T CINZA 20A PARA EXTENSÃO TMU3-320 | M117: [Descrição diferente para o mesmo código] Catálogo: 'TOMADA QUÍNTUPLA 2P + T CINZA 20A PARA EXTENSÃO TMU3-320' | Planilha: 'TOMADA QUINTAPLA 2P+T CINZA 20A PARA EXTENSAO TMU5-320 17775' (números só no catálogo: 3) [Referência diferente] Planilha: TMU5-320 17775 | Catálogo: TMU3-320
B118: 055082 | C118: TOMADA TRIPLA 2P+T CINZA 10A PARA EXTENSAO TMU3-310 / 10723 | D118: 10723 | E118: MARGIRIUS | F118: Tomada tripla 2P+T para extensão, cor cinza. | G118: 19 | H118: COM FOTO | I118: Elétrica / Comandos | J118: 055082.png | K118: 055082_TOMADA-TRIPLA-2P-T-CINZA-10A-PARA-EXTENSAO-TMU3-31.jpg | L118: TOMADA TRIPLA 2P+T CINZA PARA EXTENSÃO TMU3-310
B119: 052933 | C119: ALICATE AMPERIMETRO LER TEMPERATURA 266FT FACON | D119: 266FT | E119: FACON | F119: Alicate amperímetro digital com medição de temperatura (termopar) e pontas de prova. | G119: 1 | H119: COM FOTO | I119: Ferramentas / Instrumentos | J119: 052933.png | K119: 052933_ALICATE-AMPERIMETRO-LER-TEMPERATURA-266FT-FACON.jpg | L119: ALICATE AMPERÍMETRO 266FT FACON
B120: 053492 | C120: CHAVE CATRACA 4 BITOLAS CT-122 FACON | D120: CT-122 | E120: FACON | F120: Chave catraca de refrigeração com 4 bitolas (para registros de serviço). | G120: 68 | H120: COM FOTO | I120: Ferramentas / Instrumentos | J120: 053492.png | K120: 053492_CHAVE-CATRACA-4-BITOLAS-CT-122-FACON.jpg | L120: CHAVE CATRACA 4 BITOLAS FACON
B121: 053174 | C121: CURVADOR DE TUBO 1/4 - 5/16 FACON | E121: FACON | F121: Curvador de alavanca para tubo de cobre; bitola na descrição. | G121: 12 | H121: COM FOTO | I121: Ferramentas / Instrumentos | J121: 053174.png | K121: 053174_CURVADOR-DE-TUBO-1-4-5-16-FACON.jpg | L121: CURVADOR DE TUBO DE COBRE 1/4 - 5/16 FACON
B122: 054153 | C122: MANGUEIRA FINA 6.35 X 1MM 1/4 ROLO 50MT BRANCA IBBL | D122: MG004 | E122: PLANETA AGUA | F122: Mangueira fina 6,35 x 1 mm para purificadores e bebedouros. | G122: 6 | H122: COM FOTO | I122: Filtros e Purificadores de Água | J122: 054153.png | K122: 054153_MANGUEIRA-FINA-6-35-X-1MM-1-4-ROLO-50MT-BRANCA-IBB.jpg | L122: MANGUEIRA FINA 6,35 X 1MM
B123: 053944 | C123: MANGUEIRA FINA 6,35 X 1MM PACOTE 2 MT | D123: MG009 | E123: PLANETA AGUA | F123: Mangueira para purificadores/bebedouros, pacote com 2 m; bitola na descrição. | G123: 2 | H123: COM FOTO | I123: Filtros e Purificadores de Água | J123: 053944.png | K123: MANGUEIRA-PACOTE-2M.jpg | L123: MANGUEIRA FINA 6,35 X PACOTE 2M
B124: 053943 | C124: MANGUEIRA GROSSA 9,52 X 1,6MM PACOTE 2 MT | D124: MG008 | E124: PLANETA AGUA | F124: Mangueira para purificadores/bebedouros, pacote com 2 m; bitola na descrição. | G124: 8 | H124: COM FOTO | I124: Filtros e Purificadores de Água | J124: 053943.png | K124: MANGUEIRA-PACOTE-2M.jpg | L124: MANGUEIRA ESPECIAL 8 X 1,66MM PACOTE 2M | M124: [Descrição diferente para o mesmo código] Catálogo: 'MANGUEIRA ESPECIAL 8 X 1,66MM PACOTE 2M' | Planilha: 'MANGUEIRA GROSSA 9,52 X 1,6MM PACOTE 2 MT' (números só no catálogo: 1.66, 8)
B125: 053947 | C125: REFIL FILTRO DE AGUA ELECTR PROLUX EP OC PE10B/PE10X | D125: 1082 | E125: PLANETA AGUA | F125: Refil compatível com purificadores Electrolux PE10B / PE10X. | G125: 4 | H125: COM FOTO | I125: Filtros e Purificadores de Água | J125: 053947.png | K125: 053947_REFIL-FILTRO-DE-AGUA-ELECTR-PROLUX-EP-OC-PE10B-PE1.jpg | L125: REFIL FILTRO DE ÁGUA ELECTROLUX PROLUX EP OC PE10B/PE10X
B126: 053948 | C126: REFIL FILTRO DE AGUA ELECTR PROLUX G OC PA21G/PA26G/PA31G | D126: 1105 | E126: PLANETA AGUA | F126: Refil compatível com purificadores Electrolux PA21G / PA26G / PA31G. | G126: 2 | H126: COM FOTO | I126: Filtros e Purificadores de Água | J126: 053948.png | K126: 053948_REFIL-FILTRO-DE-AGUA-ELECTR-PROLUX-G-OC-PA21G-PA26.jpg | L126: REFIL FILTRO DE ÁGUA ELECTROLUX PROLUX G OC PA21G/PA26G/PA31G
B127: 054318 | C127: REFIL FILTRO DE AGUA MODELO IDEALE | D127: 8000 | E127: PLANETA AGUA | F127: Refil de filtro de água compatível multimarcas; modelo de aplicação na descrição. | G127: 13 | H127: COM FOTO | I127: Filtros e Purificadores de Água | J127: 054318.png | K127: 054318_REFIL-FILTRO-DE-AGUA-MODELO-IDEALE.jpg | L127: REFIL FILTRO DE ÁGUA IDEALE
B128: 054319 | C128: REFIL FILTRO DE AGUA MODELO IDEALE ECO | D128: 8000ECO | E128: PLANETA AGUA | F128: Refil de filtro de água compatível multimarcas; modelo de aplicação na descrição. | G128: 15 | H128: COM FOTO | I128: Filtros e Purificadores de Água | J128: 054319.png | K128: 054319_REFIL-FILTRO-DE-AGUA-MODELO-IDEALE-ECO.jpg | L128: REFIL FILTRO DE ÁGUA IDEALE ECO
B129: 054152 | C129: REFIL FILTRO DE AGUA SAMSUNG GS-1 PLANETA AGUA | D129: RE710001 | E129: PLANETA AGUA | F129: Refil de filtro de água compatível multimarcas; modelo de aplicação na descrição. | G129: 8 | H129: COM FOTO | I129: Filtros e Purificadores de Água | J129: 054152.png | K129: 054152_REFIL-FILTRO-DE-AGUA-SAMSUNG-GS-1-PLANETA-AGUA.jpg | L129: REFIL FILTRO DE ÁGUA SAMSUNG
B130: 054165 | C130: TAMPA DA PINGADEIRA PLAST CINZA PURIFICADOR FR 600 IBBL | D130: 10210322 | E130: IBBL | F130: Tampa da pingadeira cinza para purificador IBBL R600. | G130: 2 | H130: COM FOTO | I130: Filtros e Purificadores de Água | J130: 054165.png | K130: 054165_TAMPA-DA-PINGADEIRA-PLAST-CINZA-PURIFICADOR-FR-600.jpg | L130: TAMPA DA PINGADEIRA CINZA PURIFICADOR R600 IBBL
B131: 054166 | C131: TAMPA DA PINGADEIRA PLAST FUME PURIFICADOR R600 IBBL | D131: 10210321 | E131: IBBL | F131: Pingadeira plástica fumê para purificador IBBL. | G131: 6 | H131: COM FOTO | I131: Filtros e Purificadores de Água | J131: 054166.png | K131: 054166_TAMPA-DA-PINGADEIRA-PLAST-FUME-PURIFICADOR-R600-IB.jpg | L131: TAMPA DA PINGADEIRA CINZA PURIFICADOR R600 IBBL
B132: 053493 | C132: DRENO UNIVERSAL 60CM PARA AR CONDICIONADOS FACON | E132: FACON | F132: Mangueira de drenagem 60 cm para ar-condicionado. | G132: 2 | H132: COM FOTO | I132: Instalação de Ar-Condicionado | J132: 053493.png | K132: 053493_DRENO-UNIVERSAL-60CM-PARA-AR-CONDICIONADOS-FACON.jpg | L132: DRENO TRANSPARENTE UNIVERSAL P/ AR CONDICIONADOS
B133: 053954 | C133: TORNEIRA PRA BEBEDOURO PREMIUM C CONECTO AZUL DE PLASTIC | D133: D185 | E133: DE PLASTIC | F133: Torneira de rosca para bebedouro/galão, corpo branco e alavanca azul. | G133: 1 | H133: COM FOTO | I133: Peças para Lavadora e Bebedouro | J133: 053954.png | K133: 053954_TORNEIRA-PRA-BEBEDOURO-PREMIUM-C-CONECTO-AZUL-DE-P.jpg | L133: TORNEIRA PARA BEBEDOURO ROSCA BRANCO E AZUL
B134: 053953 | C134: TORNEIRA PRA BEBEDOURO ROSCA LONGA AZUL DE PLASTIC | D134: D188 | E134: DE PLASTIC | F134: Torneira premium de rosca para bebedouro, corpo branco e alavanca azul. | G134: 10 | H134: COM FOTO | I134: Peças para Lavadora e Bebedouro | J134: 053953.png | K134: 053953_TORNEIRA-PRA-BEBEDOURO-ROSCA-LONGA-AZUL-DE-PLASTIC.jpg | L134: TORNEIRA PARA BEBEDOURO ROSCA BRANCO E AZUL
B135: 055594 | C135: TORNEIRA PRA BEBEDOURO ROSCA LONGA BRANCA DE PLASTIC | D135: D189 | E135: DE PLASTIC | F135: Torneira para bebedouro com rosca longa, branca. | G135: 6 | H135: COM FOTO | I135: Peças para Lavadora e Bebedouro | J135: 055594.png | K135: 055594_TORNEIRA-PRA-BEBEDOURO-ROSCA-LONGA-BRANCA-DE-PLAST.jpg | L135: TORNEIRA PARA BEBEDOURO ROSCA LONGA BRANCA
B136: 003431 | C136: ALUMAX VERDE ECOMONICA | E136: BRASWELD | F136: Vareta de solda para alumínio (Alumax Verde), nova fórmula para reparo de vazamentos em tubos de alumínio. | G136: 35 | H136: COM FOTO | I136: Químicos / Solda e Limpeza | J136: 003431.png | K136: 003431_ALUMAX-VERDE-ECOMONICA.jpg | L136: ALUMAX VERDE
B137: 005309 | C137: DESUMIFICANTE S39 100ML ELIMINA A UMID DA TUBUL DE REFRIG | D137: S39 | E137: BRASWELD | F137: Desumidificante S39 para eliminar umidade do sistema de refrigeração; volume na descrição. | G137: 1 | H137: COM FOTO | I137: Químicos / Solda e Limpeza | J137: 005309.png | K137: 005309_DESUMIFICANTE-S39-100ML-ELIMINA-A-UMID-DA-TUBUL-DE.jpg | L137: DESUMIFICANTE S39 100ml ELIMINA | M137: [Referência vinda do catálogo] Referência vazia na planilha; usada a do catálogo: S39
B138: 053711 | C138: TAPA FUGAS F5 SUPER DOSE UNICA 8ML COM MANGUEIRA | D138: 180 | E138: BRASWELD | F138: Selante de vazamentos (tapa fugas) dose única para sistemas de refrigeração/ar-condicionado; versão e volume na descrição. | G138: 14 | H138: COM FOTO | I138: Químicos / Solda e Limpeza | J138: 053711.png | K138: TAPA-FUGAS-F5-F6.jpg | L138: TAPA FUGAS F5 8ml DOSE ÚNICA PARA REFRIGERADOR BW
B139: 054455 | C139: TAPA FUGAS F6 8ML SERINGA C MANG DOSE UNICA AR COND/GELADEIR | D139: 351 | E139: BRASWELD | F139: Selante de vazamentos (tapa fugas) dose única para sistemas de refrigeração/ar-condicionado; versão e volume na descrição. | G139: 1 | H139: COM FOTO | I139: Químicos / Solda e Limpeza | J139: 054455.png | K139: TAPA-FUGAS-F5-F6.jpg | L139: TAPA FUGAS F6 SUPER 8ml SERINGA COM MANGUEIRA DOSE ÚNICA AR CONDICIONADO
B140: 054183 | C140: TAPA FUGAS F6 15ML SERINGA C MANG DOSE UNICA AR COND/GELADEI | D140: 316 | E140: BRASWELD | F140: Selante de vazamentos (tapa fugas) dose única para sistemas de refrigeração/ar-condicionado; versão e volume na descrição. | G140: 2 | H140: COM FOTO | I140: Químicos / Solda e Limpeza | J140: 054183.png | K140: TAPA-FUGAS-F5-F6.jpg | L140: TAPA FUGAS F6 15ml SERINGA COM MANGUEIRA DOSE ÚNICA AR COND
B141: 052280 | C141: TRINCAL EM PO 100GR BW | D141: 17 | E141: BRASWELD | F141: Fluxo em pó para soldagem (brasagem) de metais. | G141: 19 | H141: COM FOTO | I141: Químicos / Solda e Limpeza | J141: 052280.png | K141: 052280_TRINCAL-EM-PO-100GR-BW.jpg | L141: TRINCAL EM PÓ
B142: 053821 | C142: FILTRO SEC 1/2 ROSCA SADML-084 FACON | D142: SAD-084 | E142: FACON | F142: Filtro secador de linha de líquido com rosca, para CFC/HCFC/HFC; pressão máx. de trabalho 680 PSIG (4700 kPa, conforme foto). Bitola e modelo na descrição. | G142: 16 | H142: COM FOTO | I142: Refrigeração / Componentes | J142: 053821.png | K142: FILTRO-SECADOR.jpg | L142: FILTRO SECADOR 1/2 ROSCA SAD-084 FACON
B143: 055197 | C143: FILTRO SEC 1/4 ROSCA SDML-032 FACON | D143: SDML-032 | E143: FACON | F143: Filtro secador de linha de líquido com rosca, para CFC/HCFC/HFC; pressão máx. de trabalho 680 PSIG (4700 kPa, conforme foto). Bitola e modelo na descrição. | G143: 1 | H143: COM FOTO | I143: Refrigeração / Componentes | J143: 055197.png | K143: FILTRO-SECADOR.jpg | L143: FILTRO SECADOR 1/4 ROSCA SDML-032 FACON
B144: 053823 | C144: FILTRO SEC 3/8 ROSCA SAD-163 FACON | D144: SAD-163 | E144: FACON | F144: Filtro secador de linha de líquido com rosca, para CFC/HCFC/HFC; pressão máx. de trabalho 680 PSIG (4700 kPa, conforme foto). Bitola e modelo na descrição. | G144: 9 | H144: COM FOTO | I144: Refrigeração / Componentes | J144: 053823.png | K144: FILTRO-SECADOR.jpg | L144: FILTRO SECADOR 3/8 ROSCA SAD-163 FACON
B145: 054139 | C145: FILTRO SEC 5/8 ROSCA SAD-085 FACON | D145: SAD-085 | E145: FACON | F145: Filtro secador de linha de líquido com rosca, para CFC/HCFC/HFC; pressão máx. de trabalho 680 PSIG (4700 kPa, conforme foto). Bitola e modelo na descrição. | G145: 38 | H145: COM FOTO | I145: Refrigeração / Componentes | J145: 054139.png | K145: FILTRO-SECADOR.jpg | L145: FILTRO SECADOR 5/8 ROSCA SAD-085 FACON
B146: 053825 | C146: FILTRO SEC 5/8 ROSCA SAD-165 FACON | D146: SAD-165 | E146: FACON | F146: Filtro secador de linha de líquido com rosca, para CFC/HCFC/HFC; pressão máx. de trabalho 680 PSIG (4700 kPa, conforme foto). Bitola e modelo na descrição. | G146: 26 | H146: COM FOTO | I146: Refrigeração / Componentes | J146: 053825.png | K146: FILTRO-SECADOR.jpg | L146: FILTRO SECADOR 5/8 ROSCA SAD-165 FACON
B147: 054123 | C147: MICRO MOTOR 1/25 12/50W BIVOLT 1550 RPM HELICE ALUMINIO FAC | E147: FACON | F147: Micro motor para ventilação de condensador/evaporador com hélice de alumínio; potência, tensão e RPM na descrição. | G147: 6 | H147: COM FOTO | I147: Refrigeração / Componentes | J147: 054123.png | K147: MICRO-MOTOR-1-40-E-1-25.jpg | L147: MICRO MOTOR 1/25 12/50W BIVOLT 1550 RPM HÉLICE DE ALUMÍNIO FACON
B148: 052926 | C148: MICRO MOTOR 1/25 12W 110V 1550/1750 RPM HELICE PLASTIC FACON | D148: YFZ20-10 | E148: FACON | F148: Micro motor para ventilação de condensador/evaporador com hélice de alumínio; potência, tensão e RPM na descrição. | G148: 8 | H148: COM FOTO | I148: Refrigeração / Componentes | J148: 052926.png | K148: MICRO-MOTOR-1-40-E-1-25.jpg | L148: MICRO MOTOR 1/25 12/40W 110V 1550 RPM HÉLICE DE ALUMÍNIO FACON | M148: [Descrição diferente para o mesmo código] Catálogo: 'MICRO MOTOR 1/25 12/40W 110V 1550 RPM HÉLICE DE ALUMÍNIO FACON' | Planilha: 'MICRO MOTOR 1/25 12W 110V 1550/1750 RPM HELICE PLASTIC FACON' (números só no catálogo: 12/40, 1550)
B149: 053699 | C149: MOTOR VENT REFR DOMEST 2PTS BRE43A/BRE49B W10399715 FACON | D149: IS-27213BWPC | E149: FACON | F149: Motor ventilador para refrigerador doméstico, 2 polos (aplicação BRE43A / BRE49B). | G149: 7 | H149: COM FOTO | I149: Refrigeração / Componentes | J149: 053699.png | K149: 053699_MOTOR-VENT-REFR-DOMEST-2PTS-BRE43A-BRE49B-W1039971.jpg | L149: MOTOR BLACK VENT REFR DOMEST 2 POLOS /BRE 43A /BRE 49 B | M149: [Referência diferente] Planilha: IS-27213BWPC | Catálogo: IS-272113BWPC
B150: 052461 | C150: PROTETOR TERMICO GELADEIRA 1/3 110V/60HZ MODELO QD 1/3 FACON | D150: QD 1/3HP | E150: FACON | F150: Protetor térmico (klixon) tipo QD para compressor de geladeira; potência (HP) na descrição. | G150: 25 | H150: COM FOTO | I150: Refrigeração / Componentes | J150: 052461.png | K150: PROTETOR-TERMICO-GELADEIRA-QD.jpg | L150: PROTETOR TÉRMICO GELADEIRA QD 1/3HP
B151: 052460 | C151: PROTETOR TERMICO GELADEIRA 1/4 110V/60HZ MODELO QD 1/4 FACON | D151: QD 1/4HP | E151: FACON | F151: Protetor térmico (klixon) tipo QD para compressor de geladeira; potência (HP) na descrição. | G151: 1018 | H151: COM FOTO | I151: Refrigeração / Componentes | J151: 052460.png | K151: PROTETOR-TERMICO-GELADEIRA-QD.jpg | L151: PROTETOR TÉRMICO GELADEIRA QD 1/4HP
B152: 052464 | C152: PROTETOR TERMICO GELADEIRA 1/5 110V/60HZ MODELO QD 1/5 FACON | D152: QD 1/5HP | E152: FACON | F152: Protetor térmico (klixon) tipo QD para compressor de geladeira; potência (HP) na descrição. | G152: 869 | H152: COM FOTO | I152: Refrigeração / Componentes | J152: 052464.png | K152: PROTETOR-TERMICO-GELADEIRA-QD.jpg | L152: PROTETOR TÉRMICO GELADEIRA QD 1/5HP
B153: 052463 | C153: PROTETOR TERMICO GELADEIRA 1/6 110V/60HZ MODELO QD 1/6 FACON | D153: QD 1/6HP | E153: FACON | F153: Protetor térmico (klixon) tipo QD para compressor de geladeira; potência (HP) na descrição. | G153: 430 | H153: COM FOTO | I153: Refrigeração / Componentes | J153: 052463.png | K153: PROTETOR-TERMICO-GELADEIRA-QD.jpg | L153: PROTETOR TÉRMICO GELADEIRA QD 1/6HP
B154: 052462 | C154: PROTETOR TERMICO GELADEIRA 1/8 110V/60HZ MODELO QD 1/8 FACON | D154: QD 1/8HP | E154: FACON | F154: Protetor térmico (klixon) tipo QD para compressor de geladeira; potência (HP) na descrição. | G154: 901 | H154: COM FOTO | I154: Refrigeração / Componentes | J154: 052462.png | K154: PROTETOR-TERMICO-GELADEIRA-QD.jpg | L154: PROTETOR TÉRMICO GELADEIRA QD 1/8HP
B155: 055589 | C155: RECIPIENTE C ENCAIXE DO TECUMSEH MODELO TH SIMILAR DEPLASTIC | D155: D344 | E155: DE PLASTIC | F155: Bandeja de evaporação com encaixe para compressor Tecumseh linha TH (similar). | G155: 10 | H155: COM FOTO | I155: Refrigeração / Componentes | J155: 055589.png | K155: 055589_RECIPIENTE-C-ENCAIXE-DO-TECUMSEH-MODELO-TH-SIMILAR.jpg | L155: RECIPIENTE COM ENCAIXE TECUMSEH
B156: 055588 | C156: RECIPIENTE C ENCAIXE DO TECUMSEH MODELO TS SIMILAR DEPLASTIC | D156: D343 | E156: DE PLASTIC | F156: Bandeja de evaporação com encaixe para compressor Tecumseh linha TS (similar). | G156: 4 | H156: COM FOTO | I156: Refrigeração / Componentes | J156: 055588.png | K156: 055588_RECIPIENTE-C-ENCAIXE-DO-TECUMSEH-MODELO-TS-SIMILAR.jpg | L156: RECIPIENTE COM ENCAIXE TECUMSEH
B157: 055586 | C157: RECIPIENTE COM ENCAIXE DO COMPRESSOR BRAST SIMILAR DEPLASTIC | D157: D299 | E157: DE PLASTIC | F157: Recipiente (bandeja de evaporação) com encaixe no compressor, similar Brastemp. | G157: 4 | H157: COM FOTO | I157: Refrigeração / Componentes | J157: 055586.png | K157: 055586_RECIPIENTE-COM-ENCAIXE-DO-COMPRESSOR-BRAST-SIMILAR.jpg | L157: RECIPIENTE COM ENCAIXE DO COMPRESSOR BRAST SIMILAR | M157: [Código repetido no catálogo] No catálogo este código também aparece em: RECIPIENTE BANDEJA DE EVAPORAÇÃO UNIVERSAL. Foto escolhida pela descrição.
B158: 053417 | C158: RELE DE POTENCIA PARA A/C BOBIMA 395V 50/60HZ PR-64 EVERWELL | D158: PR-64 | E158: EVERWELL | F158: Relé de potência para placas de ar-condicionado/refrigeração. Foto do catálogo: Everwell P/N PR-84 (conferir). | G158: 85 | H158: COM FOTO | I158: Refrigeração / Componentes | J158: 053417.png | K158: 053417_RELE-DE-POTENCIA-PARA-A-C-BOBIMA-395V-50-60HZ-PR-6.jpg | L158: RELÉ DE POTÊNCIA
...

Sheet SEM FOTO (BUSCAR)
A1: CÓDIGO | B1: DESCRIÇÃO | C1: REFERÊNCIA | D1: FABRICANTE | E1: SALDO | F1: CATEGORIA | G1: STATUS | H1: TERMO DE BUSCA SUGERIDO
A2: 003468 | B2: TERMINAL PINO AZUL PRE ISOLADO 1,5-2,5MM 27A | C2: TP-2022 | D2: DECORLUX | E2: 12126 | F2: Elétrica / Comandos | G2: SEM FOTO | H2: DECORLUX TP-2022 TERMINAL PINO AZUL PRE ISOLADO 1,5-2,5MM 27A
A3: 054371 | B3: TERMINAL GARFO M4 VERMELHO PRE ISOLADO 0,5-1,5MM 9A | C3: TG-4097 | D3: DECORLUX | E3: 9622 | F3: Elétrica / Comandos | G3: SEM FOTO | H3: DECORLUX TG-4097 TERMINAL GARFO M4 VERMELHO PRE ISOLADO 0,5-1,5MM 9A
A4: 003436 | B4: BUCHA S6 VAZADA P TIJOLO OCO UNIDADE USAF | C4: 000085 | D4: USAF | E4: 8565 | F4: Fixação e Acessórios | G4: SEM FOTO | H4: USAF 000085 BUCHA S6 VAZADA P TIJOLO OCO UNIDADE USAF
A5: 000032 | B5: TERMINAL ANEL M4 AZUL PRE ISOLADO 1,5-2,5MM 27A | C5: TA-4272 | D5: DECORLUX | E5: 8109 | F5: Elétrica / Comandos | G5: SEM FOTO | H5: DECORLUX TA-4272 TERMINAL ANEL M4 AZUL PRE ISOLADO 1,5-2,5MM 27A
A6: 054530 | B6: BUCHA S12 VAZADA P TIJOLO OCO UNIDADE USAF | C6: S12 | D6: USAF | E6: 7972 | F6: Fixação e Acessórios | G6: SEM FOTO | H6: USAF S12 BUCHA S12 VAZADA P TIJOLO OCO UNIDADE USAF
A7: 060199 | B7: TERMINAL BANDEIRA COBRE ESTANHADO ISOLADO NYLON, 1,5-2,5 | C7: TB1525 | D7: DECORLUX | E7: 7945 | F7: Elétrica / Comandos | G7: SEM FOTO | H7: DECORLUX TB1525 TERMINAL BANDEIRA COBRE ESTANHADO ISOLADO NYLON, 1,5-2,5
A8: 003469 | B8: TERMINAL FEMEA AMARELO PRE ISOLADO 4,0-6,0MM 24A | C8: TF6241 | D8: DECORLUX | E8: 7188 | F8: Elétrica / Comandos | G8: SEM FOTO | H8: DECORLUX TF6241 TERMINAL FEMEA AMARELO PRE ISOLADO 4,0-6,0MM 24A
A9: 003437 | B9: BUCHA S10 VAZADA P TIJOLO OCO UNIDADE USAF | C9: U2524F | D9: USAF | E9: 6501 | F9: Fixação e Acessórios | G9: SEM FOTO | H9: USAF U2524F BUCHA S10 VAZADA P TIJOLO OCO UNIDADE USAF
A10: 003448 | B10: PF A/A 3.9X32 CH ZIN PHS JOMARCA | C10: 01686 | D10: JOMARCA | E10: 6165 | F10: Fixação e Acessórios | G10: SEM FOTO | H10: JOMARCA 01686 PF A/A 3.9X32 CH ZIN PHS JOMARCA
A11: 060200 | B11: TERMINAL BANDEIRA COBRE ESTANHADO ISOLADO NYLON, 4-6 | C11: TB0406 | D11: DECORLUX | E11: 6008 | F11: Elétrica / Comandos | G11: SEM FOTO | H11: DECORLUX TB0406 TERMINAL BANDEIRA COBRE ESTANHADO ISOLADO NYLON, 4-6
A12: 056732 | B12: TERMINAL FEMEA AZUL PRE ISOLADO 1,5-2,5MM CNC FDD2-250 | C12: FDD2-250-C | D12: CNC | E12: 5098 | F12: Elétrica / Comandos | G12: SEM FOTO | H12: CNC FDD2-250-C TERMINAL FEMEA AZUL PRE ISOLADO 1,5-2,5MM CNC FDD2-250
A13: 057316 | B13: TERMINAL ENCAIXE MACHO AZUL 1,5-2,5MM - CNC REF: MDD2-250 | C13: MDD2-250 | D13: CNC | E13: 4799 | F13: Elétrica / Comandos | G13: SEM FOTO | H13: CNC MDD2-250 TERMINAL ENCAIXE MACHO AZUL 1,5-2,5MM - CNC REF: MDD2-250
... A23: 000280 | B23: TERMINAL FEMEA AZUL PRE ISOLADO 1,5-2,5MM 15A | C23: TF-2152 | D23: DECORLUX | E23: 2770 | F23: Elétrica / Comandos | G23: SEM FOTO | H23: DECORLUX TF-2152 TERMINAL FEMEA AZUL PRE ISOLADO 1,5-2,5MM 15A
A24: 001105 | B24: CURVA CO 90 CURTA 1/2 | D24: FACON | E24: 2650 | F24: Instalação de Ar-Condicionado | G24: SEM FOTO | H24: FACON CURVA CO 90 CURTA 1/2
A25: 056317 | B25: PF JMC DRILL SX C ARR+N PTA BROCA 14X3/4 ZIN NT-217 JOMAR | C25: 31261 | D25: JOMARCA | E25: 2528 | F25: Ferramentas / Instrumentos | G25: SEM FOTO | H25: JOMARCA 31261 PF JMC DRILL SX C ARR+N PTA BROCA 14X3/4 ZIN NT-217 JOMAR
A26: 056203 | B26: LUVA 20X10 ENERBRAS 360-E4 | C26: 360-E4 | D26: ENERBRAS | E26: 2522 | F26: EPI / Segurança | G26: SEM FOTO | H26: ENERBRAS 360-E4 LUVA 20X10 ENERBRAS 360-E4
A27: 056318 | B27: PF JMC DRILL SX C ARR+N PTA BROCA 12X1 ZIN NT-217 JOMAR | C27: 31243 | D27: JOMARCA | E27: 2499 | F27: Ferramentas / Instrumentos | G27: SEM FOTO | H27: JOMARCA 31243 PF JMC DRILL SX C ARR+N PTA BROCA 12X1 ZIN NT-217 JOMAR
A28: 056202 | B28: COTOVELO 90 GRAUS 20X10 ENERBRAS 360-E7 | C28: 360-E7 | D28: ENERBRAS | E28: 2495 | F28: Hidráulica | G28: SEM FOTO | H28: ENERBRAS 360-E7 COTOVELO 90 GRAUS 20X10 ENERBRAS 360-E7
A29: 060602 | B29: PF A/A 4.8X45 CH PH ZB CISTER CX 200 | C29: 35167701 | D29: CISER | E29: 2490 | F29: Fixação e Acessórios | G29: SEM FOTO | H29: CISER 35167701 PF A/A 4.8X45 CH PH ZB CISTER CX 200
A30: 057661 | B30: MODULO LED 5054-3 LED-7512 0.72W IP65 | C30: TB-1173 | E30: 2452 | F30: Iluminação | G30: SEM FOTO | H30: TB-1173 MODULO LED 5054-3 LED-7512 0.72W IP65
A31: 059577 | B31: VALVULA SCHIRADER 1/4 X50MM VIX | C31: 1016635 | D31: VIX | E31: 2304 | F31: Refrigeração / Componentes | G31: SEM FOTO | H31: VIX 1016635 VALVULA SCHIRADER 1/4 X50MM VIX
A32: 058759 | B32: VALVULA SCHIRADER 1/4 P 0,5MM HULTER | C32: 100265347 | D32: HULTER | E32: 2286 | F32: Refrigeração / Componentes | G32: SEM FOTO | H32: HULTER 100265347 VALVULA SCHIRADER 1/4 P 0,5MM HULTER
A33: 052891 | B33: CURVA CO 90 CURTA 1/4 | D33: FACON | E33: 2226 | F33: Instalação de Ar-Condicionado | G33: SEM FOTO | H33: FACON CURVA CO 90 CURTA 1/4
A34: 003438 | B34: BUCHA S8 VAZADA P TIJOLO OCO UNIDADE USAF | C34: 000086 | D34: USAF | E34: 2169 | F34: Fixação e Acessórios | G34: SEM FOTO | H34: USAF 000086 BUCHA S8 VAZADA P TIJOLO OCO UNIDADE USAF
A35: 056319 | B35: PF JMC DRILL SX C ARR+N PTA BROCA 14X1 ZIN NT-217 JOMAR | C35: 31262 | D35: JOMARCA | E35: 2058 | F35: Ferramentas / Instrumentos | G35: SEM FOTO | H35: JOMARCA 31262 PF JMC DRILL SX C ARR+N PTA BROCA 14X1 ZIN NT-217 JOMAR
A36: 056357 | B36: CONECTOR DE DERIVACAO 1.5-2.5MM AZUL | C36: CD-1525 | D36: DECORLUX | E36: 1986 | F36: Elétrica / Comandos | G36: SEM FOTO | H36: DECORLUX CD-1525 CONECTOR DE DERIVACAO 1.5-2.5MM AZUL
A37: 060615 | B37: TERMINAL GARFO PRE ISOL FORQ 1,3/2,6 M3 AZUL CRIMPER FR2477 | C37: 215367 | D37: CRIMPER | E37: 1869 | F37: Elétrica / Comandos | G37: SEM FOTO | H37: CRIMPER 215367 TERMINAL GARFO PRE ISOL FORQ 1,3/2,6 M3 AZUL CRIMPER FR2477
A38: 056314 | B38: PF A/A JMC DRILL FL PHS C SEEILHA 4.2X13MM ZIN NT-422 JOMAR | C38: 09101 | D38: JOMARCA | E38: 1774 | F38: Fixação e Acessórios | G38: SEM FOTO | H38: JOMARCA 09101 PF A/A JMC DRILL FL PHS C SEEILHA 4.2X13MM ZIN NT-422 JOMAR
A39: 000990 | B39: ARRUELA LISA ZIN 5/16 UNIDADE | D39: JOMARCA | E39: 1771 | F39: Fixação e Acessórios | G39: SEM FOTO | H39: JOMARCA ARRUELA LISA ZIN 5/16 UNIDADE
A40: 057135 | B40: TERMINAL GARFO PRE ISOLADO 4MM-6MM | C40: TP-G40 | D40: TRIAL | E40: 1661 | F40: Elétrica / Comandos | G40: SEM FOTO | H40: TRIAL TP-G40 TERMINAL GARFO PRE ISOLADO 4MM-6MM
A41: 060482 | B41: FITA PVC 10M BRANCA SIMPLES REFRIPLAY | C41: EC10BS | D41: REFRIPLAY IND | E41: 1655 | F41: Instalação de Ar-Condicionado | G41: SEM FOTO | H41: REFRIPLAY IND EC10BS FITA PVC 10M BRANCA SIMPLES REFRIPLAY
A42: 053645 | B42: TERMINAL FEMEA VERMELHO PRE ISOLADO 0,5-1,5MM 10A | C42: TF-1107 | D42: DECORLUX | E42: 1653 | F42: Elétrica / Comandos | G42: SEM FOTO | H42: DECORLUX TF-1107 TERMINAL FEMEA VERMELHO PRE ISOLADO 0,5-1,5MM 10A
A43: 055193 | B43: NUCLEO DA VALVULA SCHIRIDER VALVULA FACON | D43: FACON | E43: 1610 | F43: Refrigeração / Componentes | G43: SEM FOTO | H43: FACON NUCLEO DA VALVULA SCHIRIDER VALVULA FACON
A44: 057318 | B44: TERMINAL GARFO PRE ISOLADO 1,5MM-2,5MM - AZUL REF: SVS 2-4C | C44: SVS 2-4S | D44: CNC | E44: 1600 | F44: Elétrica / Comandos | G44: SEM FOTO | H44: CNC SVS 2-4S TERMINAL GARFO PRE ISOLADO 1,5MM-2,5MM - AZUL REF: SVS 2-4C
A45: 060664 | B45: CABO FLEX 1.5MM BOBINA COM 1600 METROS VERDE 450/750V | C45: FLEXPA2.20.1340.0 | D45: FLEXCABLES | E45: 1600 | F45: Elétrica / Comandos | G45: SEM FOTO | H45: FLEXCABLES FLEXPA2.20.1340.0 CABO FLEX 1.5MM BOBINA COM 1600 METROS VERDE 450/750V
A46: 059316 | B46: TERMINAL OLHAL PRE ISOLADO VERMELHO 0,5-1,5MM CNC REF: RV1.2 | C46: RV1.25-4S | D46: CNC | E46: 1528 | F46: Elétrica / Comandos | G46: SEM FOTO | H46: CNC RV1.25-4S TERMINAL OLHAL PRE ISOLADO VERMELHO 0,5-1,5MM CNC REF: RV1.2
A47: 003457 | B47: PORCA ZIN BR UNC 5/16 UND | C47: 31224 | D47: JOMARCA | E47: 1426 | F47: Fixação e Acessórios | G47: SEM FOTO | H47: JOMARCA 31224 PORCA ZIN BR UNC 5/16 UND
A48: 059313 | B48: TERMINAL FEMEA VERMELHO 0,5-1,5MM - CNC REF: FDD1.5-187 | C48: FDD1.5-187 | D48: CNC | E48: 1327 | F48: Elétrica / Comandos | G48: SEM FOTO | H48: CNC FDD1.5-187 TERMINAL FEMEA VERMELHO 0,5-1,5MM - CNC REF: FDD1.5-187
A49: 003433 | B49: ARRUELA LISA ZIN 1/4 UNIDADE | D49: JOMARCA | E49: 1195 | F49: Fixação e Acessórios | G49: SEM FOTO | H49: JOMARCA ARRUELA LISA ZIN 1/4 UNIDADE
A50: 055672 | B50: ROLAMENTO 607 2RS FACON | C50: 607 2RS | D50: FACON | E50: 1165 | F50: Peças para Lavadora e Bebedouro | G50: SEM FOTO | H50: FACON 607 2RS ROLAMENTO 607 2RS FACON
A51: 053646 | B51: TERMINAL MACHO VERMELHO 0,5-1,5MM DECORLUX TPM10121 | C51: TPM10121 | E51: 1164 | F51: Elétrica / Comandos | G51: SEM FOTO | H51: TPM10121 TERMINAL MACHO VERMELHO 0,5-1,5MM DECORLUX TPM10121
A52: 056358 | B52: CONECTOR DE DERIVACAO 4-6MM AMARELO | C52: CD-0406 | D52: DECORLUX | E52: 1134 | F52: Elétrica / Comandos | G52: SEM FOTO | H52: DECORLUX CD-0406 CONECTOR DE DERIVACAO 4-6MM AMARELO
A53: 058753 | B53: SOLDA SILPHOSCOPER BR-S 2% TF DIAM. 2,40 X 460 MM BRASIL SOL | C53: BR-S 2 TF | D53: BRASIL SOLDAS METAL NOBRE | E53: 1119 | F53: Químicos / Solda e Limpeza | G53: SEM FOTO | H53: BRASIL SOLDAS METAL NOBRE BR-S 2 TF SOLDA SILPHOSCOPER BR-S 2% TF DIAM. 2,40 X 460 MM BRASIL SOL
A54: 052485 | B54: SENSOR DE DEGELO 5K FACON | C54: B25/50-05 | D54: FACON | E54: 1102 | F54: Refrigeração / Componentes | G54: SEM FOTO | H54: FACON B25/50-05 SENSOR DE DEGELO 5K FACON
A55: 054374 | B55: TERMINAL ANEL M8 AMARELO PRE ISOLADO 25MM 89A | C55: TA-8251 | D55: DECORLUX | E55: 1032 | F55: Elétrica / Comandos | G55: SEM FOTO | H55: DECORLUX TA-8251 TERMINAL ANEL M8 AMARELO PRE ISOLADO 25MM 89A
A56: 053180 | B56: CAPACITOR PLACA CBB61, 3UF X 300VAC FACON | D56: FACON | E56: 1000 | F56: Capacitores | G56: SEM FOTO | H56: FACON CAPACITOR PLACA CBB61, 3UF X 300VAC FACON
A57: 057660 | B57: ACESSORIOS P/ LUMINARIAS | C57: TB-1251 | E57: 1000 | F57: Iluminação | G57: SEM FOTO | H57: TB-1251 ACESSORIOS P/ LUMINARIAS
A58: 059863 | B58: TERMINAL TIPO BULLET MACHO VERMEL PRE-ISOLADO 0,5-1,5MM 10A | C58: TBM-0515 | D58: DECORLUX | E58: 1000 | F58: Elétrica / Comandos | G58: SEM FOTO | H58: DECORLUX TBM-0515 TERMINAL TIPO BULLET MACHO VERMEL PRE-ISOLADO 0,5-1,5MM 10A
A59: 058318 | B59: CABO FLEX 2.5MM BOBINA C/ 1000 METROS VERMELHO 450/750V | C59: FLEXPA2.25.1360.0 | D59: FLEXCABLES | E59: 994 | F59: Elétrica / Comandos | G59: SEM FOTO | H59: FLEXCABLES FLEXPA2.25.1360.0 CABO FLEX 2.5MM BOBINA C/ 1000 METROS VERMELHO 450/750V
A60: 058923 | B60: TERMINAL PINO PRE ISOLADO 1,5MM-2,5MM - AZUL REF: PTV2-10 | C60: PTV2-10 | D60: CNC | E60: 983 | F60: Elétrica / Comandos | G60: SEM FOTO | H60: CNC PTV2-10 TERMINAL PINO PRE ISOLADO 1,5MM-2,5MM - AZUL REF: PTV2-10
A61: 059865 | B61: TERMINAL TIPO BULLET MACHO AMAREL PRE-ISOLADO 4-6MM 24A | C61: TBM-0406 | D61: DECORLUX | E61: 968 | F61: Elétrica / Comandos | G61: SEM FOTO | H61: DECORLUX TBM-0406 TERMINAL TIPO BULLET MACHO AMAREL PRE-ISOLADO 4-6MM 24A
A62: 059868 | B62: TERMINAL LUVA FEMEA VERMELHO ISOLADO 0,5-1,5MM 10A TF-2107 | C62: TF-3152 | D62: DECORLUX | E62: 966 | F62: EPI / Segurança | G62: SEM FOTO | H62: DECORLUX TF-3152 TERMINAL LUVA FEMEA VERMELHO ISOLADO 0,5-1,5MM 10A TF-2107
A63: 059860 | B63: TERMINAL MACHO VERMELHO ISOLDADO 0,5-1,5MM 10A | C63: TM-0515 | D63: DECORLUX | E63: 921 | F63: Elétrica / Comandos | G63: SEM FOTO | H63: DECORLUX TM-0515 TERMINAL MACHO VERMELHO ISOLDADO 0,5-1,5MM 10A
A64: 003434 | B64: ARRUELA LISA ZIN 3/8 UNIDADE | C64: 26448 | D64: JOMARCA | E64: 920 | F64: Fixação e Acessórios | G64: SEM FOTO | H64: JOMARCA 26448 ARRUELA LISA ZIN 3/8 UNIDADE
A65: 057721 | B65: MODULO LED 2835-3 LED MZ-6011W IP66 DC 12V 1.5W BRANCO | C65: MZ-6011W | D65: PROMESSA ILUMINACAO | E65: 919 | F65: Iluminação | G65: SEM FOTO | H65: PROMESSA ILUMINACAO MZ-6011W MODULO LED 2835-3 LED MZ-6011W IP66 DC 12V 1.5W BRANCO
A66: 000033 | B66: TERMINAL MACHO AMARELO 4,0-6,0MM DECORLUX TM6241 | C66: TM6241 | E66: 873 | F66: Elétrica / Comandos | G66: SEM FOTO | H66: TM6241 TERMINAL MACHO AMARELO 4,0-6,0MM DECORLUX TM6241
A67: 052084 | B67: TIRANTE BRASTEMP BWQ24 PVC ELETRONICA BRANCO SAMATEC | C67: 919565 | D67: SAMATEC | E67: 873 | F67: Fixação e Acessórios | G67: SEM FOTO | H67: SAMATEC 919565 TIRANTE BRASTEMP BWQ24 PVC ELETRONICA BRANCO SAMATEC
A68: 057137 | B68: TERMINAL MACHO PRE ISOLADO AMARELO 4MM-6MM | C68: TP-M040 | D68: TRIAL | E68: 873 | F68: Elétrica / Comandos | G68: SEM FOTO | H68: TRIAL TP-M040 TERMINAL MACHO PRE ISOLADO AMARELO 4MM-6MM
A69: 055212 | B69: ALCOOL GEL 70% 1L VELOZ | E69: 870 | F69: Químicos / Solda e Limpeza | G69: SEM FOTO | H69: ALCOOL GEL 70% 1L VELOZ
A70: 059864 | B70: TERMINAL TIPO BULLET MACHO AZUL PRE-ISOLADO 1,5-2,5MM 15A | C70: TBM-1525 | D70: DECORLUX | E70: 856 | F70: Elétrica / Comandos | G70: SEM FOTO | H70: DECORLUX TBM-1525 TERMINAL TIPO BULLET MACHO AZUL PRE-ISOLADO 1,5-2,5MM 15A
A71: 053734 | B71: TERMINAL PINO VERMELHO PRE ISOLADO 0,5-1,5MM 19A | C71: TP-2017 | D71: DECORLUX | E71: 854 | F71: Elétrica / Comandos | G71: SEM FOTO | H71: DECORLUX TP-2017 TERMINAL PINO VERMELHO PRE ISOLADO 0,5-1,5MM 19A
A72: 001758 | B72: PF RO SOB SXTV 3/16X45 | D72: JOMARCA | E72: 825 | F72: Fixação e Acessórios | G72: SEM FOTO | H72: JOMARCA PF RO SOB SXTV 3/16X45
A73: 055685 | B73: ROLAMENTO 6205 2RS FACON | C73: 6205 2RS | D73: FACON | E73: 816 | F73: Peças para Lavadora e Bebedouro | G73: SEM FOTO | H73: FACON 6205 2RS ROLAMENTO 6205 2RS FACON
A74: 053816 | B74: SENSOR DUPLO DEGELO 5K / TEMPERATURA 5K MIDEA FACON | D74: FACON | E74: 814 | F74: Refrigeração / Componentes | G74: SEM FOTO | H74: FACON SENSOR DUPLO DEGELO 5K / TEMPERATURA 5K MIDEA FACON
A75: 060525 | B75: TERMINAL TIPO PINO 4-6MM AMARELO 100UN | C75: 1646.0 | D75: CHINT | E75: 800 | F75: Elétrica / Comandos | G75: SEM FOTO | H75: CHINT 1646.0 TERMINAL TIPO PINO 4-6MM AMARELO 100UN
A76: 052806 | B76: CAPACITOR VENTILADOR CBB61, 1.5UF X 450VAC FACON | D76: FACON | E76: 791 | F76: Capacitores | G76: SEM FOTO | H76: FACON CAPACITOR VENTILADOR CBB61, 1.5UF X 450VAC FACON
A77: 060524 | B77: TERMINAL ILHOS 6,00 MM AMARELO 100UN | C77: 782.0 | D77: CHINT | E77: 776 | F77: Elétrica / Comandos | G77: SEM FOTO | H77: CHINT 782.0 TERMINAL ILHOS 6,00 MM AMARELO 100UN
A78: 054095 | B78: KIT SENSOR IMPORT AC 2,7K MAESTRO REFR/GELA BRAST/CONS FACON | C78: W10531315 | D78: FACON | E78: 772 | F78: Refrigeração / Componentes | G78: SEM FOTO | H78: FACON W10531315 KIT SENSOR IMPORT AC 2,7K MAESTRO REFR/GELA BRAST/CONS FACON
A79: 059520 | B79: TERMINAL OLHAL PRE ISOLADO 1,5MM-2,5MM - AZUL | D79: FACON | E79: 765 | F79: Elétrica / Comandos | G79: SEM FOTO | H79: FACON TERMINAL OLHAL PRE ISOLADO 1,5MM-2,5MM - AZUL
A80: 000633 | B80: CABO FLEX 4MM METRO FLEXCABLES | D80: FLEXCABLES | E80: 750 | F80: Elétrica / Comandos | G80: SEM FOTO | H80: FLEXCABLES CABO FLEX 4MM METRO FLEXCABLES
A81: 054145 | B81: KIT REPARO PARA MANGUEIRA DE GAS R22/R134/R407 FACON | D81: FACON | E81: 742 | F81: Gases Refrigerantes | G81: SEM FOTO | H81: FACON KIT REPARO PARA MANGUEIRA DE GAS R22/R134/R407 FACON
A82: 056538 | B82: REBITE REPUXO 4.0 X 12 ACO / ALUMINIO BRANCO BELENUS | C82: POP412AB | D82: BELENUS | E82: 742 | F82: Fixação e Acessórios | G82: SEM FOTO | H82: BELENUS POP412AB REBITE REPUXO 4.0 X 12 ACO / ALUMINIO BRANCO BELENUS
A83: 003451 | B83: PF RO TOT 1/4X1 SXTV ZINCADO JOMARCA | C83: 05515 | D83: JOMARCA | E83: 737 | F83: Fixação e Acessórios | G83: SEM FOTO | H83: JOMARCA 05515 PF RO TOT 1/4X1 SXTV ZINCADO JOMARCA
A84: 000030 | B84: TERMINAL ANEL M4 AMARELO PRE ISOLADO 4,0-6,0MM 48A | C84: TA-4481 | D84: DECORLUX | E84: 722 | F84: Elétrica / Comandos | G84: SEM FOTO | H84: DECORLUX TA-4481 TERMINAL ANEL M4 AMARELO PRE ISOLADO 4,0-6,0MM 48A
A85: 058412 | B85: CURVA CO 90 LONGA 7/8 FRIVEN | C85: 20003.1602.06 | D85: FRIVEN | E85: 694 | F85: Instalação de Ar-Condicionado | G85: SEM FOTO | H85: FRIVEN 20003.1602.06 CURVA CO 90 LONGA 7/8 FRIVEN
A86: 001107 | B86: CURVA CO 90 CURTA 3/8 | D86: FACON | E86: 680 | F86: Instalação de Ar-Condicionado | G86: SEM FOTO | H86: FACON CURVA CO 90 CURTA 3/8
A87: 059866 | B87: TERMINAL TIPO BULLET FEMEA AZUL ISOLADO 1,5-2,5MM 15A | C87: TBF-1525 | D87: DECORLUX | E87: 675 | F87: Elétrica / Comandos | G87: SEM FOTO | H87: DECORLUX TBF-1525 TERMINAL TIPO BULLET FEMEA AZUL ISOLADO 1,5-2,5MM 15A
A88: 059318 | B88: TERMINAL PINO PRE ISOLADO 0,5MM-1,5MM - VERMEL REF: PTV1.25- | C88: PTV1.25-10 | D88: CNC | E88: 656 | F88: Elétrica / Comandos | G88: SEM FOTO | H88: CNC PTV1.25-10 TERMINAL PINO PRE ISOLADO 0,5MM-1,5MM - VERMEL REF: PTV1.25-
A89: 059609 | B89: CAPACITOR VENTILADOR CBB61, 2.5UF X 450VAC C 2 TERMINAIS EO | C89: D10989 | D89: EOS | E89: 635 | F89: Capacitores | G89: SEM FOTO | H89: EOS D10989 CAPACITOR VENTILADOR CBB61, 2.5UF X 450VAC C 2 TERMINAIS EO
A90: 053843 | B90: INTERRUPTOR LUZ ELECTROLUX DFF44 DUPLEX FACON 64484557 | C90: 64484557 | D90: FACON | E90: 629 | F90: Elétrica / Comandos | G90: SEM FOTO | H90: FACON 64484557 INTERRUPTOR LUZ ELECTROLUX DFF44 DUPLEX FACON 64484557
A91: 055798 | B91: ROLAMENTO 608Z REP AMAZONAS | C91: 608Z | D91: REP AMAZONAS | E91: 622 | F91: Peças para Lavadora e Bebedouro | G91: SEM FOTO | H91: REP AMAZONAS 608Z ROLAMENTO 608Z REP AMAZONAS
A92: 054094 | B92: KIT SENSOR REFRI ELECTROLUX 10K DF35A/DF36X/DF38/DW42X FACON | C92: 70000949 | D92: FACON | E92: 585 | F92: Refrigeração / Componentes | G92: SEM FOTO | H92: FACON 70000949 KIT SENSOR REFRI ELECTROLUX 10K DF35A/DF36X/DF38/DW42X FACON
A93: 054093 | B93: TERMOFUSIVEL REFRIGERADOR/GELADEIRA 400M FACON | C93: W10257565 | D93: FACON | E93: 584 | F93: Outros | G93: SEM FOTO | H93: FACON W10257565 TERMOFUSIVEL REFRIGERADOR/GELADEIRA 400M FACON
A94: 003456 | B94: PORCA ZIN BR UNC 3/8 UND | C94: 31225 | D94: JOMARCA | E94: 579 | F94: Fixação e Acessórios | G94: SEM FOTO | H94: JOMARCA 31225 PORCA ZIN BR UNC 3/8 UND
A95: 060389 | B95: PORCA FLANGEADA DE LATAO FORJADO 1/2" | C95: 80170.008 | D95: SURYHA | E95: 579 | F95: Fixação e Acessórios | G95: SEM FOTO | H95: SURYHA 80170.008 PORCA FLANGEADA DE LATAO FORJADO 1/2"
A96: 060582 | B96: CAPACITOR CBB61 2,5MF 450V C/ FIO | C96: 20250206 | D96: OBAGAS | E96: 577 | F96: Capacitores | G96: SEM FOTO | H96: OBAGAS 20250206 CAPACITOR CBB61 2,5MF 450V C/ FIO
A97: 057317 | B97: TERMINAL ENCAIXE MACHO AMARELO 4,0-6,0MM REF: MDD5.5-250 | C97: MDD5.5-250 | D97: CNC | E97: 560 | F97: Elétrica / Comandos | G97: SEM FOTO | H97: CNC MDD5.5-250 TERMINAL ENCAIXE MACHO AMARELO 4,0-6,0MM REF: MDD5.5-250
A98: 056174 | B98: TIRANTE BRASTEMP BWQ22 PVC MONDIAL PRETO WHIRLPOOL | C98: 326000047 | D98: WHIRLPOOL | E98: 549 | F98: Fixação e Acessórios | G98: SEM FOTO | H98: WHIRLPOOL 326000047 TIRANTE BRASTEMP BWQ22 PVC MONDIAL PRETO WHIRLPOOL
A99: 054498 | B99: CURVA CO 90 LONGA 1/4 FRIVEN | D99: FRIVEN | E99: 541 | F99: Instalação de Ar-Condicionado | G99: SEM FOTO | H99: FRIVEN CURVA CO 90 LONGA 1/4 FRIVEN
A100: 060617 | B100: RELE PTC 4TM 127V 50/60HZ 4.7 OHM | C100: 47220 | D100: NUCLEO DO FRIO | E100: 540 | F100: Refrigeração / Componentes | G100: SEM FOTO | H100: NUCLEO DO FRIO 47220 RELE PTC 4TM 127V 50/60HZ 4.7 OHM
A101: 059317 | B101: TERMINAL OLHAL PRE ISOLADO 4MM-6MM - AMARELO REF: RV5-5-C | C101: RV5-5-C | D101: CNC | E101: 535 | F101: Elétrica / Comandos | G101: SEM FOTO | H101: CNC RV5-5-C TERMINAL OLHAL PRE ISOLADO 4MM-6MM - AMARELO REF: RV5-5-C
A102: 057720 | B102: MODULO LED SANSUNG IP68 5730-3LED-6619 SMD5730 12V POT 1.5W | C102: SMD5730 | D102: PROMESSA ILUMINACAO | E102: 528 | F102: Iluminação | G102: SEM FOTO | H102: PROMESSA ILUMINACAO SMD5730 MODULO LED SANSUNG IP68 5730-3LED-6619 SMD5730 12V POT 1.5W
A103: 059859 | B103: TERMINAL AMARELO MACHO 4-6MM 24A TM-0406 DECORLUX | C103: TM-0406 | D103: DECORLUX | E103: 524 | F103: Elétrica / Comandos | G103: SEM FOTO | H103: DECORLUX TM-0406 TERMINAL AMARELO MACHO 4-6MM 24A TM-0406 DECORLUX
A104: 055898 | B104: PF RO SOB SXTV 5/16X55 ZB BELENUS | C104: SXRS5/16X55RI | D104: BELENUS | E104: 520 | F104: Fixação e Acessórios | G104: SEM FOTO | H104: BELENUS SXRS5/16X55RI PF RO SOB SXTV 5/16X55 ZB BELENUS
A105: 052086 | B105: MOLA DA VARETA DE SUSPENSAO ELECTROLUX LM06 PEQUENA SAMATEC | C105: B917104 | D105: SAMATEC | E105: 516 | F105: Químicos / Solda e Limpeza | G105: SEM FOTO | H105: SAMATEC B917104 MOLA DA VARETA DE SUSPENSAO ELECTROLUX LM06 PEQUENA SAMATEC
A106: 052807 | B106: CAPACITOR VENTILADOR CBB61, 2UF X 450VAC FACON | D106: FACON | E106: 513 | F106: Capacitores | G106: SEM FOTO | H106: FACON CAPACITOR VENTILADOR CBB61, 2UF X 450VAC FACON
A107: 055679 | B107: ROLAMENTO 6006 2RS FACON | C107: 6006 2RS | D107: FACON | E107: 500 | F107: Peças para Lavadora e Bebedouro | G107: SEM FOTO | H107: FACON 6006 2RS ROLAMENTO 6006 2RS FACON
A108: 056539 | B108: REBITE REPUXO 4.0 X 10 ACO / ALUMINIO BRANCO BELENUS | C108: POP410AB | D108: BELENUS | E108: 496 | F108: Fixação e Acessórios | G108: SEM FOTO | H108: BELENUS POP410AB REBITE REPUXO 4.0 X 10 ACO / ALUMINIO BRANCO BELENUS
A109: 055607 | B109: MOLA DA VARA DE SUSPENSAO ELECTROLUX LM08 GRANDE DUGOLD | C109: 100266671 | D109: DUGOLD | E109: 474 | F109: Ferramentas / Instrumentos | G109: SEM FOTO | H109: DUGOLD 100266671 MOLA DA VARA DE SUSPENSAO ELECTROLUX LM08 GRANDE DUGOLD
...

Sheet DIVERGÊNCIAS
A1: CÓDIGO | B1: DESCRIÇÃO (PLANILHA) | C1: TIPO | D1: DETALHE / O QUE CONFERIR | E1: STATUS DA FOTO
A2: 052222 | B2: RELE TERMICO E SOBRECARGA NXR-38 23A-32A CHINT | C2: Marca diferente | D2: Planilha: CHINT | Catálogo: DECORLUX — a foto do catálogo é de outra marca e NÃO foi usada. | E2: FOTO NÃO CONFERE
A3: 052222 | B3: RELE TERMICO E SOBRECARGA NXR-38 23A-32A CHINT | C3: Descrição diferente para o mesmo código | D3: Catálogo: 'RELÉ TÉRMICO 36A AJUSTE 23-32A DECORLUX' | Planilha: 'RELE TERMICO E SOBRECARGA NXR-38 23A-32A CHINT' (números só no catálogo: 36) | E3: FOTO NÃO CONFERE
A4: 052764 | B4: CAPACITOR CBB65, 17.5UF +-5% X 440VAC 50-60HZ FACON | C4: Descrição diferente para o mesmo código | D4: Catálogo: 'CAPACITOR SIMPLES CBB65 17UF +-5%X440V' | Planilha: 'CAPACITOR CBB65, 17.5UF +-5% X 440VAC 50-60HZ FACON' (números só no catálogo: 17) | E4: COM FOTO
A5: 052926 | B5: MICRO MOTOR 1/25 12W 110V 1550/1750 RPM HELICE PLASTIC FACON | C5: Descrição diferente para o mesmo código | D5: Catálogo: 'MICRO MOTOR 1/25 12/40W 110V 1550 RPM HÉLICE DE ALUMÍNIO FACON' | Planilha: 'MICRO MOTOR 1/25 12W 110V 1550/1750 RPM HELICE PLASTIC FACON' (números só no catálogo: 12/40, 1550) | E5: COM FOTO
A6: 053680 | B6: TERMOSTATO FREEZ HORIZ DUPLA ACAO ELECTR/METALFRI RFR-4009-2 | C6: Descrição diferente para o mesmo código | D6: Catálogo: 'TERMOSTATO RC-4209-2' | Planilha: 'TERMOSTATO FREEZ HORIZ DUPLA ACAO ELECTR/METALFRI RFR-4009-2' (números só no catálogo: 4209) | E6: COM FOTO
A7: 053682 | B7: TERMOSTATO BEBEDOURO/REFRESQUEIRA STANDARD RC-42600-2 | C7: Descrição diferente para o mesmo código | D7: Catálogo: 'TERMOSTATO RC- 53600-2' | Planilha: 'TERMOSTATO BEBEDOURO/REFRESQUEIRA STANDARD RC-42600-2' (números só no catálogo: 53600) | E7: COM FOTO
A8: 053943 | B8: MANGUEIRA GROSSA 9,52 X 1,6MM PACOTE 2 MT | C8: Descrição diferente para o mesmo código | D8: Catálogo: 'MANGUEIRA ESPECIAL 8 X 1,66MM PACOTE 2M' | Planilha: 'MANGUEIRA GROSSA 9,52 X 1,6MM PACOTE 2 MT' (números só no catálogo: 1.66, 8) | E8: COM FOTO
A9: 054147 | B9: RELE CONTATOR 4 PINOS 18A/277VAC FACON | C9: Descrição diferente para o mesmo código | D9: Catálogo: 'RELÉ CONTATOR 4 PINOS 30A/277VAC' | Planilha: 'RELE CONTATOR 4 PINOS 18A/277VAC FACON' (números só no catálogo: 30) | E9: COM FOTO
A10: 055090 | B10: TOMADA QUINTAPLA 2P+T CINZA 20A PARA EXTENSAO TMU5-320 17775 | C10: Descrição diferente para o mesmo código | D10: Catálogo: 'TOMADA QUÍNTUPLA 2P + T CINZA 20A PARA EXTENSÃO TMU3-320' | Planilha: 'TOMADA QUINTAPLA 2P+T CINZA 20A PARA EXTENSAO TMU5-320 17775' (números só no catálogo: 3) | E10: COM FOTO
A11: 052778 | B11: CAPACITOR DUPLO CBB65, 25UF + 10UF X 440VAC FACON | C11: Código repetido no catálogo | D11: No catálogo este código também aparece em: CAPACITOR DUPLO CBB65 35UF+6UF X 440VAC. Foto escolhida pela descrição. | E11: COM FOTO
A12: 052787 | B12: CAPACITOR DUPLO CBB65, 25UF + 1.5UF X 440VAC FACON | C12: Código repetido no catálogo | D12: No catálogo este código também aparece em: CAPACITOR DUPLO CBB65 25UF+ 10UF X 440VAC. Foto escolhida pela descrição. | E12: COM FOTO
... A114: 052793 | B114: CAPACITOR DUPLO CBB65, 55UF + 2.5UF X 440VAC FACON | C114: Marca vinda do catálogo (informativo) | D114: Fabricante vazio na planilha; usada a marca do catálogo: FACON | E114: FOTO DE PRODUTO EQUIVALENTE

Sheet CATÁLOGO FORA DA LISTA
A1: IMAGEM | B1: CÓD. NO CATÁLOGO | C1: DESCRIÇÃO NO CATÁLOGO | D1: CATEGORIA | E1: MOTIVO | F1: POSSÍVEL CÓDIGO NA LISTA (pela descrição) | G1: PÁG. CATÁLOGO
B2: 54850 | C2: PROGRAMADOR HORA DE ENERGIA BWT-40 REF- BWT-40HR-P COEL | D2: Automação / Temporizadores | E2: Código não está na lista (sem saldo na loja ou código diferente) | G2: 6
B3: 54857 | C3: RELÉ DE TEMPO 6H 30 MIN (EQUIVALENTE ICEMATIC 94A 240VAC REF-11107002 - COEL | D3: Automação / Temporizadores | E3: Código não está na lista (sem saldo na loja ou código diferente) | G3: 6
B4: 54856 | C4: RELÉ DE TEMPO AEGMU MULT ESCALA COEL REF-AEGMU | D4: Automação / Temporizadores | E4: Código não está na lista (sem saldo na loja ou código diferente) | G4: 6
B5: 54979 | C5: RELÉ DE TEMPO AG-ALIM 94A 242VAC 15 MINUTOS REF-AEG-UEM-P | D5: Automação / Temporizadores | E5: Código não está na lista (sem saldo na loja ou código diferente) | G5: 6
B6: 54977 | C6: RELÉ DE TEMPO AG-ALIM 94A 242VAC 15 SEGUNDOS REF-AEG-UES-P | D6: Automação / Temporizadores | E6: Código não está na lista (sem saldo na loja ou código diferente) | G6: 6
B7: 55520 | C7: RELÉ DE TEMPO AG-ALIM 94A 242VAC 60 SEGUNDOS REF-AEG-UGS-P | D7: Automação / Temporizadores | E7: Código não está na lista (sem saldo na loja ou código diferente) | G7: 6
B8: S/ CÓDIGO | C8: RELÉ DE TEMPO RTDF 12H 60 MIN COEL | D8: Automação / Temporizadores | E8: Produto sem código no catálogo e não identificado na lista
B9: 54856 | C9: RELÉ DE TEMPO T42 ALIM 100 A 240V REF- T42HLRR-KP COEL | D9: Automação / Temporizadores | E9: Código não está na lista (sem saldo na loja ou código diferente) | G9: 6
B10: 54856 | C10: RELÉ ELETRÔNICO DIGITAL FALTA DE FASE BVF-1P REF- BVF1-P | D10: Automação / Temporizadores | E10: Código não está na lista (sem saldo na loja ou código diferente) | G10: 6
B11: 55021 | C11: RELÉ ELETRÔNICO DIGITAL FALTA DE FASE BVF-1P REF- BVS1-P | D11: Automação / Temporizadores | E11: Código não está na lista (sem saldo na loja ou código diferente) | G11: 6
B12: 53503 | C12: CAPACITOR CBB60 10UF +-5% X 250V COM FIO | D12: Capacitores | E12: Código não está na lista (sem saldo na loja ou código diferente) | F12: 055599 — CAPACITOR CBB60, 10UF +-5% X 250V COM FIO WEG (marca WEG ≠ FACON do catálogo: produto similar, não o mesmo) | G12: 3
B13: 53507 | C13: CAPACITOR CBB60 25UF+-5%X250V COM FIO | D13: Capacitores | E13: Código não está na lista (sem saldo na loja ou código diferente) | G13: 3
B14: 53508 | C14: CAPACITOR CBB60 30UF +-5%X250V COM FIO | D14: Capacitores | E14: Código não está na lista (sem saldo na loja ou código diferente) | F14: 055604 — CAPACITOR CBB60, 30UF +-5% X 250V COM FIO WEG (marca WEG ≠ FACON do catálogo: produto similar, não o mesmo) | G14: 3
B15: 54117 | C15: CAPACITOR DUPLO CBB65 25UF+ 2.5UF X 440VAC | D15: Capacitores | E15: Código não está na lista (sem saldo na loja ou código diferente) | G15: 3
B16: 52787 | C16: CAPACITOR DUPLO CBB65 25UF+ 10UF X 440VAC | D16: Capacitores | E16: Código existe na lista, mas para outro produto (código repetido no catálogo) | F16: 052778 — CAPACITOR DUPLO CBB65, 25UF + 10UF X 440VAC FACON | G16: 3
B17: 52796 | C17: CAPACITOR DUPLO CBB65 30UF +3UF X 440VAC | D17: Capacitores | E17: Código existe na lista, mas para outro produto (código repetido no catálogo) | G17: 3
B18: 52782 | C18: CAPACITOR DUPLO CBB65 30UF+6UF X 440VAC | D18: Capacitores | E18: Código não está na lista (sem saldo na loja ou código diferente) | G18: 3
B19: 52790 | C19: CAPACITOR DUPLO CBB65 30UF+ 2.5UF X 440VAC | D19: Capacitores | E19: Código não está na lista (sem saldo na loja ou código diferente) | F19: 005035 — CAPACITOR DUPLO CBB65, 30UF + 2.5UF X 440VAC EOS (marca EOS ≠ FACON do catálogo: produto similar, não o mesmo) | G19: 3
B20: 53131 | C20: CAPACITOR DUPLO CBB65 35UF+2.5UF X 440VAC | D20: Capacitores | E20: Código não está na lista (sem saldo na loja ou código diferente) | G20: 3
B21: 52779 | C21: CAPACITOR DUPLO CBB65 35UF+5UF X 440VAC | D21: Capacitores | E21: Código não está na lista (sem saldo na loja ou código diferente) | G21: 3
B22: 52778 | C22: CAPACITOR DUPLO CBB65 35UF+6UF X 440VAC | D22: Capacitores | E22: Código existe na lista, mas para outro produto (código repetido no catálogo) | G22: 3
B23: 53846 | C23: CAPACITOR DUPLO CBB65 35UF+6UF X 440VAC | D23: Capacitores | E23: Código não está na lista (sem saldo na loja ou código diferente) | G23: 3
B24: 52791 | C24: CAPACITOR DUPLO CBB65 40UF+2.5 X 440VAC | D24: Capacitores | E24: Código não está na lista (sem saldo na loja ou código diferente) | G24: 3
B25: 52783 | C25: CAPACITOR DUPLO CBB65 40UF+6UF X 440VAC | D25: Capacitores | E25: Código não está na lista (sem saldo na loja ou código diferente) | G25: 3
B26: 53135 | C26: CAPACITOR DUPLO CBB65 45UF +2.5UF X 440VAC | D26: Capacitores | E26: Código não está na lista (sem saldo na loja ou código diferente) | G26: 3
B27: 53136 | C27: CAPACITOR DUPLO CBB65 45UF +4UF X 440VAC | D27: Capacitores | E27: Código não está na lista (sem saldo na loja ou código diferente) | G27: 3
B28: 53137 | C28: CAPACITOR DUPLO CBB65 45UF+5UF X 440VAC | D28: Capacitores | E28: Código não está na lista (sem saldo na loja ou código diferente) | F28: 004522 — CAPACITOR DUPLO CBB65, 45UF + 5UF X 440VAC EOS (marca EOS ≠ FACON do catálogo: produto similar, não o mesmo) | G28: 3
B29: 53138 | C29: CAPACITOR DUPLO CBB65 45UF+12UF X 440VAC | D29: Capacitores | E29: Código não está na lista (sem saldo na loja ou código diferente) | G29: 3
B30: 52792 | C30: CAPACITOR DUPLO CBB65 50UF +5UF X 440VAC | D30: Capacitores | E30: Código não está na lista (sem saldo na loja ou código diferente) | G30: 3
B31: 52785 | C31: CAPACITOR DUPLO CBB65 50UF+6UF X 440VAC | D31: Capacitores | E31: Código não está na lista (sem saldo na loja ou código diferente) | G31: 3
B32: 53481 | C32: CAPACITOR DUPLO CBB65 60UF+ 12UF X 250VAC | D32: Capacitores | E32: Código não está na lista (sem saldo na loja ou código diferente) | G32: 3
B33: 53122 | C33: CAPACITOR SIMPLES CBB60 10UF+-5%X250V | D33: Capacitores | E33: Código não está na lista (sem saldo na loja ou código diferente) | G33: 3
B34: 55202 | C34: CAPACITOR SIMPLES CBB60 12UF +-5% X 250V | D34: Capacitores | E34: Código não está na lista (sem saldo na loja ou código diferente) | G34: 3
B35: 53142 | C35: CAPACITOR SIMPLES CBB60 25UF+-5%X250V | D35: Capacitores | E35: Código não está na lista (sem saldo na loja ou código diferente) | G35: 3
B36: 53143 | C36: CAPACITOR SIMPLES CBB60 30UF+-5%X250V | D36: Capacitores | E36: Código não está na lista (sem saldo na loja ou código diferente) | G36: 3
B37: 53350 | C37: CAPACITOR SIMPLES CBB60 55UF+-5%X250V | D37: Capacitores | E37: Código não está na lista (sem saldo na loja ou código diferente) | G37: 3
B38: 53122 | C38: CAPACITOR SIMPLES CBB65 10UF +-5%X440V | D38: Capacitores | E38: Código não está na lista (sem saldo na loja ou código diferente) | G38: 3
B39: 52765 | C39: CAPACITOR SIMPLES CBB65 20UF +-5%X440V | D39: Capacitores | E39: Código não está na lista (sem saldo na loja ou código diferente) | G39: 3
B40: 52768 | C40: CAPACITOR SIMPLES CBB65 35UF +-5%X440V | D40: Capacitores | E40: Código não está na lista (sem saldo na loja ou código diferente) | G40: 3
... B43: 52773 | C43: CAPACITOR SIMPLES CBB65 60UF +-5%X440V | D43: Capacitores | E43: Código não está na lista (sem saldo na loja ou código diferente) | G43: 3
B44: S/ CÓDIGO | C44: LUVA ANTICORTE WORKER WK31 | D44: EPI / Segurança | E44: Produto sem código no catálogo e não identificado na lista
B45: S/ CÓDIGO | C45: LUVA POLIÉSTER BANHO PU VE702PG | D45: EPI / Segurança | E45: Produto sem código no catálogo e não identificado na lista
B46: S/ CÓDIGO | C46: ÓCULOS PROTEÇÃO UVA UVB SKY | D46: EPI / Segurança | E46: Produto sem código no catálogo e não identificado na lista
B47: 54844 | C47: SAPATO POLIMÉRICO BRANCO SEM BICO BIDENCID COB101 42 CARTON | D47: EPI / Segurança | E47: Código não está na lista (sem saldo na loja ou código diferente) | G47: 3
B48: 55102 | C48: CAIXA SLIN SOBREPOR PARA DISJUNTOR CP2-00 | D48: Elétrica / Comandos | E48: Código não está na lista (sem saldo na loja ou código diferente) | G48: 9
B49: 55101 | C49: CAIXA TOMADA SLIN SOBREPOR 1 TOMADA 20A CP2-01 | D49: Elétrica / Comandos | E49: Código não está na lista (sem saldo na loja ou código diferente) | G49: 9
B50: 52307 | C50: CONTATOR MAGNÉTICO 220V 20A ROHS | D50: Elétrica / Comandos | E50: Código não está na lista (sem saldo na loja ou código diferente) | G50: 4
B51: 53323 | C51: CONTATOR MAGNÉTICO 220V BIF 25A FACON | D51: Elétrica / Comandos | E51: Código não está na lista (sem saldo na loja ou código diferente) | G51: 4
B52: 53431 | C52: CONTATOR MAGNÉTICO 220V BIF 30A EVERWELL | D52: Elétrica / Comandos | E52: Código não está na lista (sem saldo na loja ou código diferente) | G52: 4
B53: 54141 | C53: CONTATOR MAGNÉTICO 220V MONO 12A FACON | D53: Elétrica / Comandos | E53: Código não está na lista (sem saldo na loja ou código diferente) | G53: 4
B54: 53733 | C54: CONTATOR MAGNÉTICO 220V TRIF 18A FACON | D54: Elétrica / Comandos | E54: Código não está na lista (sem saldo na loja ou código diferente) | G54: 4
B55: 52305 | C55: CONTATOR MAGNÉTICO 220V TRIF 25A FACON | D55: Elétrica / Comandos | E55: Código não está na lista (sem saldo na loja ou código diferente) | G55: 4
B56: 53324 | C56: CONTATOR MAGNÉTICO 220V TRIF 32A FACON | D56: Elétrica / Comandos | E56: Código não está na lista (sem saldo na loja ou código diferente) | G56: 4
B57: 54085 | C57: CONTATOR MAGNÉTICO 220V TRIF 40A FACON | D57: Elétrica / Comandos | E57: Código não está na lista (sem saldo na loja ou código diferente) | G57: 4
B58: 1053 | C58: CONTATOR MAGNÉTICO 220V TRIF 50A DECORLUX | D58: Elétrica / Comandos | E58: Código não está na lista (sem saldo na loja ou código diferente) | G58: 4
... B90: 54760 | C90: MALA FIT PARA FERRAMENTAS FACON | D90: Ferramentas / Instrumentos | E90: Código não está na lista (sem saldo na loja ou código diferente) | G90: 2
B91: 54753 | C91: MALA PARA FERRAMENTAS C FUNDO REFORÇADO FACON | D91: Ferramentas / Instrumentos | E91: Código não está na lista (sem saldo na loja ou código diferente) | F91: 055725 — MALA PARA FERRAMENTAS COM FUNDO REFOCADO BLACK FACON | G91: 2
B92: 54755 | C92: MALA PARA FERRAMENTAS C/ ALÇA INOX BIG PLUS FACON | D92: Ferramentas / Instrumentos | E92: Código não está na lista (sem saldo na loja ou código diferente) | G92: 2
B93: 54756 | C93: MOCHILA PARA FERRAMENTAS SEM ESTOJO FACON | D93: Ferramentas / Instrumentos | E93: Código não está na lista (sem saldo na loja ou código diferente) | G93: 2
B94: 50 | C94: MOLA P/ CURVAR TUBO 1/2 | D94: Ferramentas / Instrumentos | E94: Código não está na lista (sem saldo na loja ou código diferente) | F94: 060076 — MOLA P/ CURVAR TUBO 1/2 FRIVEN (marca FRIVEN ≠ FACON do catálogo: produto similar, não o mesmo) | G94: 7
B95: 53178 | C95: MOLA P/ CURVAR TUBO 3/4 FACON | D95: Ferramentas / Instrumentos | E95: Código não está na lista (sem saldo na loja ou código diferente) | G95: 7
B96: 53177 | C96: MOLA P/ CURVAR TUBO 5/8 FACON | D96: Ferramentas / Instrumentos | E96: Código não está na lista (sem saldo na loja ou código diferente) | G96: 7
B97: 52931 | C97: MULTÍMETRO DT-830B | D97: Ferramentas / Instrumentos | E97: Código não está na lista (sem saldo na loja ou código diferente) | G97: 5
B98: 4044 | C98: MULTÍMETRO E CAPACÍMETRO | D98: Ferramentas / Instrumentos | E98: Código não está na lista (sem saldo na loja ou código diferente) | G98: 5
B99: 52931 | C99: MULTÍMETRO My63 20KHZ FACON | D99: Ferramentas / Instrumentos | E99: Código não está na lista (sem saldo na loja ou código diferente) | G99: 5
B100: 53490 | C100: PENTE ALETAS METAL P/ SERPENTINA FACON | D100: Ferramentas / Instrumentos | E100: Código não está na lista (sem saldo na loja ou código diferente) | G100: 7
B101: 53491 | C101: PENTE ALETAS PLÁSTICA P/ SERPENTINA FACON | D101: Ferramentas / Instrumentos | E101: Código não está na lista (sem saldo na loja ou código diferente) | F101: 052397 — PENTE ALETAS PLASTICO P SERPENTINA | G101: 7
B102: 52635 | C102: PONTA DE PROVA Jr9212 | D102: Ferramentas / Instrumentos | E102: Código não está na lista (sem saldo na loja ou código diferente) | G102: 5
B103: 52638 | C103: SUGADOR DE SOLDA | D103: Ferramentas / Instrumentos | E103: Código não está na lista (sem saldo na loja ou código diferente) | G103: 5
B104: 53945 | C104: MANGUEIRA ESPECIAL 8 X 1,66MM PACOTE 2M | D104: Filtros e Purificadores de Água | E104: Código não está na lista (sem saldo na loja ou código diferente) | G104: 8
B105: 54320 | C105: PURIFICADOR IDEALE BASIC BRANCO | D105: Filtros e Purificadores de Água | E105: Código não está na lista (sem saldo na loja ou código diferente) | G105: 8
B106: 52283 | C106: REFIL FILTRO DE ÁGUA C+3 IBBL | D106: Filtros e Purificadores de Água | E106: Código não está na lista (sem saldo na loja ou código diferente) | G106: 8
B107: 54320 | C107: REFIL FILTRO DE ÁGUA ELECTROLUX PROLUX OC PA10N/20G/25G/30G/PA40G | D107: Filtros e Purificadores de Água | E107: Código não está na lista (sem saldo na loja ou código diferente) | G107: 8
B108: 53891 | C108: REFIL FILTRO DE ÁGUA GIROU TROCOU AVANTI IBBL | D108: Filtros e Purificadores de Água | E108: Código não está na lista (sem saldo na loja ou código diferente) | G108: 8
B109: 54317 | C109: REFIL FILTRO DE ÁGUA PURIFICADOR ACQUATEC ESMALTEC | D109: Filtros e Purificadores de Água | E109: Código não está na lista (sem saldo na loja ou código diferente) | G109: 8
B110: 52285 | C110: TORNEIRA PARA BEBEDOURO ALAVANCA AZUL IBBL | D110: Filtros e Purificadores de Água | E110: Código não está na lista (sem saldo na loja ou código diferente) | G110: 8
B111: 52284 | C111: TORNEIRA PARA BEBEDOURO ALAVANCA BRANCA IBBL | D111: Filtros e Purificadores de Água | E111: Código não está na lista (sem saldo na loja ou código diferente) | G111: 8
B112: 53794 | C112: DRENO TRANSPARENTE UNIVERSAL P/ AR CONDICIONADOS | D112: Instalação de Ar-Condicionado | E112: Código não está na lista (sem saldo na loja ou código diferente) | G112: 7
B113: 52936 | C113: FITA AUTOADESIVA ELASTOMÉRICA 3mm X 50mm X 9m | D113: Instalação de Ar-Condicionado | E113: Código não está na lista (sem saldo na loja ou código diferente) | G113: 4
B114: 54086 | C114: MANTA ISOLANTE ELASTOMÉRICA 19MM X100CM X 100CM | D114: Instalação de Ar-Condicionado | E114: Código não está na lista (sem saldo na loja ou código diferente) | G114: 4
B115: S/ CÓDIGO | C115: SUPORTE PARA EVAPORADORA | D115: Instalação de Ar-Condicionado | E115: Produto sem código no catálogo e não identificado na lista
B116: S/ CÓDIGO | C116: TUBO DE COBRE | D116: Instalação de Ar-Condicionado | E116: Produto sem código no catálogo e não identificado na lista
B117: S/ CÓDIGO | C117: TUBO ESPONJOSO (TUBEX) | D117: Instalação de Ar-Condicionado | E117: Produto sem código no catálogo e não identificado na lista
B118: 54081 | C118: TUBO ISOLANTE ELASTOMÉRICO 19mm 1.1/8 | D118: Instalação de Ar-Condicionado | E118: Código não está na lista (sem saldo na loja ou código diferente) | G118: 4
B119: 53870 | C119: POLIA POLI V LAVADORA BRASTEMP 8/9/11KG BWB08A/BW09A/BWB11A | D119: Peças para Lavadora e Bebedouro | E119: Código não está na lista (sem saldo na loja ou código diferente) | G119: 7
B120: 53879 | C120: PUXADOR ELECTROLUX LE750 | D120: Peças para Lavadora e Bebedouro | E120: Código não está na lista (sem saldo na loja ou código diferente) | G120: 7
B121: 55592 | C121: SUPORTE CESTO C/ TRAVA LAV BRASTEMP/CONSUL BWK15A/BWH15A CWE13A DEPL | D121: Peças para Lavadora e Bebedouro | E121: Código não está na lista (sem saldo na loja ou código diferente) | G121: 7
B122: 55595 | C122: TORNEIRA P/ BEBEDOURO ESMALTEC CONECTOR CINZA | D122: Peças para Lavadora e Bebedouro | E122: Código não está na lista (sem saldo na loja ou código diferente) | G122: 7
B123: 53873 | C123: VARA DE SUSPENSÃO MONDIAL | D123: Peças para Lavadora e Bebedouro | E123: Código não está na lista (sem saldo na loja ou código diferente) | G123: 7
B124: 54034 | C124: ANTICHAMA BW-12 | D124: Químicos / Solda e Vedação | E124: Código não está na lista (sem saldo na loja ou código diferente) | G124: 5
B125: 3439 | C125: BW SUPER HVAC MEGA PRO 15G | D125: Químicos / Solda e Vedação | E125: Código não está na lista (sem saldo na loja ou código diferente) | G125: 5
B126: 5308 | C126: CAPIDRYL 100ml (LIMPEZA DO CAPILAR) | D126: Químicos / Solda e Vedação | E126: Código não está na lista (sem saldo na loja ou código diferente) | G126: 5
B127: 53890 | C127: DESUMIFICANTE S39 250ml ELIMINA | D127: Químicos / Solda e Vedação | E127: Código não está na lista (sem saldo na loja ou código diferente) | G127: 5
B128: 53311 | C128: SOLDA FRIA ALUMAX C | D128: Químicos / Solda e Vedação | E128: Código não está na lista (sem saldo na loja ou código diferente) | G128: 5
B129: 53735 | C129: TAPA FUGAS F5 15ml MANGUEIRA DOSE ÚNICA AR COND DE CARROS | D129: Químicos / Solda e Vedação | E129: Código não está na lista (sem saldo na loja ou código diferente) | G129: 5
... B135: 52124 | C135: MICRO MOTOR 1/40 6/35W BIVOLT 1550 RPM HÉLICE DE ALUMÍNIO FACON | D135: Refrigeração / Componentes | E135: Código não está na lista (sem saldo na loja ou código diferente) | G135: 7
B136: S/ CÓDIGO | C136: MOTOR VENT ELETROLUX/BRASTEMP CONSUL/SAMSUNG | D136: Refrigeração / Componentes | E136: Produto sem código no catálogo e não identificado na lista
B137: 1683 | C137: PROTETOR TÉRMICO AR CONDICIONADO 7.000 A 10.000 127V | D137: Refrigeração / Componentes | E137: Código não está na lista (sem saldo na loja ou código diferente) | G137: 4
B138: 3429 | C138: PROTETOR TÉRMICO AR CONDICIONADO 7.000 A 24.000 127V | D138: Refrigeração / Componentes | E138: Código não está na lista (sem saldo na loja ou código diferente) | G138: 4
...

Sheet IMAGENS ENVIADAS
A1: IMAGEM | B1: IMAGEM ENVIADA (identificação) | C1: CÓDIGO CANDIDATO | D1: DESCRIÇÃO NA LISTA | E1: FABRICANTE | F1: SALDO | G1: É ESTE? (marque X)
B2: BOTINA DE SEGURANÇA COM CADARÇO PRETA | C2: 053998 | D2: BOTINA AMA 3 G NOBUCK CAFE 38 S BICO BI TP092 CARTON | E2: CARTON | F2: 1
C3: 054818 | D3: BOTINA AMARRAR NOBUCK PRETA 39 S BICO BI TP200P CARTON | E3: CARTON | F3: 1
C4: 054819 | D4: BOTINA AMARRAR NOBUCK PRETA 40 S BICO BI TP200P CARTON | E4: CARTON | F4: 1
C5: 054820 | D5: BOTINA AMARRAR NOBUCK PRETA 41 S BICO BI TP200P CARTON | E5: CARTON | F5: 1
C6: 054832 | D6: BOTINA AMARRAR 3 GOMOS 39 S BICO BI MOD20 CARTON | E6: CARTON | F6: 1
C7: 054835 | D7: BOTINA AMARRAR 3 GOMOS 42 S BICO BI MOD20 CARTON | E7: CARTON | F7: 1
C8: 054836 | D8: BOTINA AMARRAR 3 GOMOS 43 S BICO BI MOD20 CARTON | E8: CARTON | F8: 1
C9: 053773 | D9: BOTINA AMA 3 G NOBUCK CAFE 43 S BICO BI TP092 CARTON | E9: CARTON | F9: 2
C10: 054007 | D10: BOTINA AMA 3 G NOBUCK CAFE 45 S BICO BI TP092 CARTON | E10: CARTON | F10: 2
C11: 054823 | D11: BOTINA AMARRAR NOBUCK PRETA 44 S BICO BI TP200P CARTON | E11: CARTON | F11: 2
C12: 053470 | D12: BOTINA AMA 3 G NOBUCK CAFE 40 S BICO BI TP092 CARTON | E12: CARTON | F12: 3
C13: 053471 | D13: BOTINA AMA 3 G NOBUCK CAFE 41 S BICO BI TP092 CARTON | E13: CARTON | F13: 3
C14: 053472 | D14: BOTINA AMA 3 G NOBUCK CAFE 42 S BICO BI TP092 CARTON | E14: CARTON | F14: 3
... C16: 054822 | D16: BOTINA AMARRAR NOBUCK PRETA 43 S BICO BI TP200P CARTON | E16: CARTON | F16: 3
B17: BOTINA DE SEGURANÇA COM ELÁSTICO PRETA | C17: 053459 | D17: BOTINA ELESTICO BIDENSIDADE SEM BICO 39 MOD10 CARTON | E17: CARTON | F17: 1
C18: 053457 | D18: BOTINA ELESTICO BIDENSIDADE SEM BICO 38 MOD10 CARTON | E18: CARTON | F18: 2
C19: 053468 | D19: BOTINA ELESTICO BIDENSIDADE COM BICO PVC 44 TP080 CARTON | E19: CARTON | F19: 2
C20: 053469 | D20: BOTINA ELESTICO BIDENSIDADE SEM BICO 44 MOD10 CARTON | E20: CARTON | F20: 6
B21: CONTATOR 1 POLO 25A 220V FACON | C21: 052872 | D21: CONTATOR ELETROMAGNETICO 220V TRIF 25A WEG | F21: 1
C22: 054421 | D22: CONTATOR 25A NC1-2510 220V 50/60HZ - CHINT REF: 925735 | E22: CHINT | F22: 28
B23: KTM 1000 (PEÇA PLÁSTICA BRANCA) | D23: Nenhum candidato encontrado na lista
B24: PROTETOR CONTRA SURTOS DE TOMADA (PLUGUE 2P+T) | C24: 055058 | D24: DPS DISPOSITIVO DE PROTECAO CONTRA SURTO 20KA 127V CLASSE II | E24: MARGIRIUS | F24: 3
C25: 055099 | D25: DPS DISPOSITIVO DE PROTECAO CONTRA SURTO 45KA 127V CLASSE II | E25: MARGIRIUS | F25: 4
C26: 055100 | D26: DPS DISPOSITIVO DE PROTECAO CONTRA SURTO 60KA 127V CLASSE II | E26: MARGIRIUS | F26: 4
C27: 055835 | D27: PROTETOR RAIO SUPER 127V PW | E27: PW | F27: 4
C28: 055097 | D28: DPS DISPOSITIVO DE PROTECAO CONTRA SURTO 12KA 127V CLASSE II | E28: MARGIRIUS | F28: 5
C29: 053980 | D29: DPS VCL 275V 45KA SLIM DISPOSIT D PROTECAO CONTRA SURTOS ELE | E29: CLAMPER INDUSTRIA E COMERCIO S | F29: 6
C30: 055098 | D30: DPS DISPOSITIVO DE PROTECAO CONTRA SURTO 30KA 127V CLASSE II | E30: MARGIRIUS | F30: 8
C31: 055833 | D31: PROTETOR RAIO ELETRO 2 TOMADAS 10A 127V PW | E31: PW | F31: 8
C32: 055836 | D32: PROTETOR RAIO ELETRO 2 TOMADAS 20A BIVOLT PW | E32: PW | F32: 24
C33: 055834 | D33: PROTETOR RAIO GELADEIRA E FREEZER 127V PW | E33: PW | F33: 31
C34: 055063 | D34: PROTETOR DE EQUIP ELETR CONTRA SURTO DE TENSAO PEE-4K5 | E34: MARGIRIUS | F34: 35
C35: 059232 | D35: PROTETOR RAIO LAVADORA 10A 127V | E35: PW | F35: 46
B36: SENSOR DE TEMPERATURA COM BULBO DE COBRE P/ AR CONDICIONADO | C36: 051838 | D36: SENSOR DEG AR COND 20K 7-9-12-18-24-30K PANASONIC | F36: 2
C37: 053971 | D37: REDE ELECTROLUX C SENSOR DEGELO DF80/DF80X/DF38/DW42X/DFI80 | E37: SAMATEC | F37: 2
C38: 054910 | D38: REDE SENSOR/DEGELO REFR ELECTROLUX DF80/DFI80 41019315 | E38: ELECTROLUX | F38: 2
C39: 052486 | D39: SENSOR DE DEGELO 10K PARA A/C FACON | E39: FACON | F39: 3
C40: 053190 | D40: REDE ELECTROLUX C SENSOR DEGELO DF80/DFI80 41003635 | E40: ELECTROLUX | F40: 3
C41: 057515 | D41: SENSOR SERPENTINDA DEGELO EVAP 10K | E41: MIGRARE | F41: 3
C42: 052381 | D42: REDE ELECTROLUX C SENSOR DEGELO DF80/DF80X/DF38/DW42X 10K | E42: SAMATEC | F42: 12
C43: 060593 | D43: SENSOR DUPLO DEGELO 20K / TEMPERATURA 15K GREE REP AMAZONAS | E43: REP AMAZONAS | F43: 15
C44: 060403 | D44: SENSOR DE DEGELO 10K PONTA DE COBRE UNIVERSAL PARA APARELHOS | E44: ESSEK | F44: 52
C45: 052481 | D45: SENSOR DE TEMPERATURA PARA A/C 5K FACON | E45: FACON | F45: 97
C46: 052487 | D46: SENSOR DE DEGELO 15K FACON | E46: FACON | F46: 120
C47: 053415 | D47: SENSOR DUPLO DEGELO 5K / TEMPERATURA 10K LG FACON | E47: FACON | F47: 273
C48: 052488 | D48: SENSOR DE DEGELO 20K FACON | E48: FACON | F48: 382
... C50: 052485 | D50: SENSOR DE DEGELO 5K FACON | E50: FACON | F50: 1102
B51: SENSOR DE TEMPERATURA COM CABO E CONECTOR | C51: 052382 | D51: REDE ELECTROLUX C SENSOR DFW51/DF50 10K SAMATEC | E51: SAMATEC | F51: 1
C52: 054459 | D52: KIT SENSOR DE CAMPO 10K REFR/GELAD BRAST/CONSUL WHIRLPOOL | E52: WHIRLPOOL | F52: 1
C53: 053971 | D53: REDE ELECTROLUX C SENSOR DEGELO DF80/DF80X/DF38/DW42X/DFI80 | E53: SAMATEC | F53: 2
C54: 054910 | D54: REDE SENSOR/DEGELO REFR ELECTROLUX DF80/DFI80 41019315 | E54: ELECTROLUX | F54: 2
C55: 057514 | D55: SENSOR TEMPERATURA EVAP 10K | E55: MIGRARE | F55: 2
C56: 052486 | D56: SENSOR DE DEGELO 10K PARA A/C FACON | E56: FACON | F56: 3
C57: 053190 | D57: REDE ELECTROLUX C SENSOR DEGELO DF80/DFI80 41003635 | E57: ELECTROLUX | F57: 3
C58: 057515 | D58: SENSOR SERPENTINDA DEGELO EVAP 10K | E58: MIGRARE | F58: 3
C59: 052381 | D59: REDE ELECTROLUX C SENSOR DEGELO DF80/DF80X/DF38/DW42X 10K | E59: SAMATEC | F59: 12
C60: 053738 | D60: KIT SENSOR REFRI ELECTROLUX 10K DF35A/DF36X/DF38/DW42X SAMAT | E60: SAMATEC | F60: 12
C61: 060593 | D61: SENSOR DUPLO DEGELO 20K / TEMPERATURA 15K GREE REP AMAZONAS | E61: REP AMAZONAS | F61: 15
C62: 060403 | D62: SENSOR DE DEGELO 10K PONTA DE COBRE UNIVERSAL PARA APARELHOS | E62: ESSEK | F62: 52
C63: 052487 | D63: SENSOR DE DEGELO 15K FACON | E63: FACON | F63: 120
... C65: 052488 | D65: SENSOR DE DEGELO 20K FACON | E65: FACON | F65: 382

Sheet RESUMO
A1: CATEGORIA | B1: Nº DE ITENS | C1: COM FOTO | D1: SEM FOTO | E1: % COM FOTO | F1: SALDO SEM FOTO
A2: Automação / Temporizadores | B2: =COUNTIF(PRODUTOS!$I$2:$I$3264,A2) -> 72 | C2: =COUNTIFS(PRODUTOS!$I$2:$I$3264,A2,PRODUTOS!$H$2:$H$3264,"COM FOTO")+COUNTIFS(PRODUTOS!$I$2:$I$3264,A2,PRODUTOS!$H$2:$H$3264,"FOTO DE PRODUTO EQUIVALENTE") -> 5 | D2: =B2-C2 -> 67 | E2: =IF(B2=0,0,C2/B2) -> 0.069444444 | F2: =SUMIFS(PRODUTOS!$G$2:$G$3264,PRODUTOS!$I$2:$I$3264,A2,PRODUTOS!$H$2:$H$3264,"SEM FOTO")+SUMIFS(PRODUTOS!$G$2:$G$3264,PRODUTOS!$I$2:$I$3264,A2,PRODUTOS!$H$2:$H$3264,"FOTO NÃO CONFERE") -> 812
A3: Capacitores | B3: =COUNTIF(PRODUTOS!$I$2:$I$3264,A3) -> 204 | C3: =COUNTIFS(PRODUTOS!$I$2:$I$3264,A3,PRODUTOS!$H$2:$H$3264,"COM FOTO")+COUNTIFS(PRODUTOS!$I$2:$I$3264,A3,PRODUTOS!$H$2:$H$3264,"FOTO DE PRODUTO EQUIVALENTE") -> 64 | D3: =B3-C3 -> 140 | E3: =IF(B3=0,0,C3/B3) -> 0.31372549 | F3: =SUMIFS(PRODUTOS!$G$2:$G$3264,PRODUTOS!$I$2:$I$3264,A3,PRODUTOS!$H$2:$H$3264,"SEM FOTO")+SUMIFS(PRODUTOS!$G$2:$G$3264,PRODUTOS!$I$2:$I$3264,A3,PRODUTOS!$H$2:$H$3264,"FOTO NÃO CONFERE") -> 8209
A4: EPI / Segurança | B4: =COUNTIF(PRODUTOS!$I$2:$I$3264,A4) -> 117 | C4: =COUNTIFS(PRODUTOS!$I$2:$I$3264,A4,PRODUTOS!$H$2:$H$3264,"COM FOTO")+COUNTIFS(PRODUTOS!$I$2:$I$3264,A4,PRODUTOS!$H$2:$H$3264,"FOTO DE PRODUTO EQUIVALENTE") -> 16 | D4: =B4-C4 -> 101 | E4: =IF(B4=0,0,C4/B4) -> 0.13675214 | F4: =SUMIFS(PRODUTOS!$G$2:$G$3264,PRODUTOS!$I$2:$I$3264,A4,PRODUTOS!$H$2:$H$3264,"SEM FOTO")+SUMIFS(PRODUTOS!$G$2:$G$3264,PRODUTOS!$I$2:$I$3264,A4,PRODUTOS!$H$2:$H$3264,"FOTO NÃO CONFERE") -> 7329
A5: Eletrônicos / Informática | B5: =COUNTIF(PRODUTOS!$I$2:$I$3264,A5) -> 81 | C5: =COUNTIFS(PRODUTOS!$I$2:$I$3264,A5,PRODUTOS!$H$2:$H$3264,"COM FOTO")+COUNTIFS(PRODUTOS!$I$2:$I$3264,A5,PRODUTOS!$H$2:$H$3264,"FOTO DE PRODUTO EQUIVALENTE") -> 0 | D5: =B5-C5 -> 81 | E5: =IF(B5=0,0,C5/B5) -> 0 | F5: =SUMIFS(PRODUTOS!$G$2:$G$3264,PRODUTOS!$I$2:$I$3264,A5,PRODUTOS!$H$2:$H$3264,"SEM FOTO")+SUMIFS(PRODUTOS!$G$2:$G$3264,PRODUTOS!$I$2:$I$3264,A5,PRODUTOS!$H$2:$H$3264,"FOTO NÃO CONFERE") -> 943
A6: Elétrica / Comandos | B6: =COUNTIF(PRODUTOS!$I$2:$I$3264,A6) -> 575 | C6: =COUNTIFS(PRODUTOS!$I$2:$I$3264,A6,PRODUTOS!$H$2:$H$3264,"COM FOTO")+COUNTIFS(PRODUTOS!$I$2:$I$3264,A6,PRODUTOS!$H$2:$H$3264,"FOTO DE PRODUTO EQUIVALENTE") -> 33 | D6: =B6-C6 -> 542 | E6: =IF(B6=0,0,C6/B6) -> 0.057391304 | F6: =SUMIFS(PRODUTOS!$G$2:$G$3264,PRODUTOS!$I$2:$I$3264,A6,PRODUTOS!$H$2:$H$3264,"SEM FOTO")+SUMIFS(PRODUTOS!$G$2:$G$3264,PRODUTOS!$I$2:$I$3264,A6,PRODUTOS!$H$2:$H$3264,"FOTO NÃO CONFERE") -> 120794.7
A7: Ferramentas / Instrumentos | B7: =COUNTIF(PRODUTOS!$I$2:$I$3264,A7) -> 528 | C7: =COUNTIFS(PRODUTOS!$I$2:$I$3264,A7,PRODUTOS!$H$2:$H$3264,"COM FOTO")+COUNTIFS(PRODUTOS!$I$2:$I$3264,A7,PRODUTOS!$H$2:$H$3264,"FOTO DE PRODUTO EQUIVALENTE") -> 3 | D7: =B7-C7 -> 525 | E7: =IF(B7=0,0,C7/B7) -> 0.0056818182 | F7: =SUMIFS(PRODUTOS!$G$2:$G$3264,PRODUTOS!$I$2:$I$3264,A7,PRODUTOS!$H$2:$H$3264,"SEM FOTO")+SUMIFS(PRODUTOS!$G$2:$G$3264,PRODUTOS!$I$2:$I$3264,A7,PRODUTOS!$H$2:$H$3264,"FOTO NÃO CONFERE") -> 16760
A8: Filtros e Purificadores de Água | B8: =COUNTIF(PRODUTOS!$I$2:$I$3264,A8) -> 35 | C8: =COUNTIFS(PRODUTOS!$I$2:$I$3264,A8,PRODUTOS!$H$2:$H$3264,"COM FOTO")+COUNTIFS(PRODUTOS!$I$2:$I$3264,A8,PRODUTOS!$H$2:$H$3264,"FOTO DE PRODUTO EQUIVALENTE") -> 10 | D8: =B8-C8 -> 25 | E8: =IF(B8=0,0,C8/B8) -> 0.28571429 | F8: =SUMIFS(PRODUTOS!$G$2:$G$3264,PRODUTOS!$I$2:$I$3264,A8,PRODUTOS!$H$2:$H$3264,"SEM FOTO")+SUMIFS(PRODUTOS!$G$2:$G$3264,PRODUTOS!$I$2:$I$3264,A8,PRODUTOS!$H$2:$H$3264,"FOTO NÃO CONFERE") -> 213
A9: Fixação e Acessórios | B9: =COUNTIF(PRODUTOS!$I$2:$I$3264,A9) -> 190 | C9: =COUNTIFS(PRODUTOS!$I$2:$I$3264,A9,PRODUTOS!$H$2:$H$3264,"COM FOTO")+COUNTIFS(PRODUTOS!$I$2:$I$3264,A9,PRODUTOS!$H$2:$H$3264,"FOTO DE PRODUTO EQUIVALENTE") -> 0 | D9: =B9-C9 -> 190 | E9: =IF(B9=0,0,C9/B9) -> 0 | F9: =SUMIFS(PRODUTOS!$G$2:$G$3264,PRODUTOS!$I$2:$I$3264,A9,PRODUTOS!$H$2:$H$3264,"SEM FOTO")+SUMIFS(PRODUTOS!$G$2:$G$3264,PRODUTOS!$I$2:$I$3264,A9,PRODUTOS!$H$2:$H$3264,"FOTO NÃO CONFERE") -> 75983
A10: Gases Refrigerantes | B10: =COUNTIF(PRODUTOS!$I$2:$I$3264,A10) -> 147 | C10: =COUNTIFS(PRODUTOS!$I$2:$I$3264,A10,PRODUTOS!$H$2:$H$3264,"COM FOTO")+COUNTIFS(PRODUTOS!$I$2:$I$3264,A10,PRODUTOS!$H$2:$H$3264,"FOTO DE PRODUTO EQUIVALENTE") -> 0 | D10: =B10-C10 -> 147 | E10: =IF(B10=0,0,C10/B10) -> 0 | F10: =SUMIFS(PRODUTOS!$G$2:$G$3264,PRODUTOS!$I$2:$I$3264,A10,PRODUTOS!$H$2:$H$3264,"SEM FOTO")+SUMIFS(PRODUTOS!$G$2:$G$3264,PRODUTOS!$I$2:$I$3264,A10,PRODUTOS!$H$2:$H$3264,"FOTO NÃO CONFERE") -> 3704.647
A11: Hidráulica | B11: =COUNTIF(PRODUTOS!$I$2:$I$3264,A11) -> 54 | C11: =COUNTIFS(PRODUTOS!$I$2:$I$3264,A11,PRODUTOS!$H$2:$H$3264,"COM FOTO")+COUNTIFS(PRODUTOS!$I$2:$I$3264,A11,PRODUTOS!$H$2:$H$3264,"FOTO DE PRODUTO EQUIVALENTE") -> 0 | D11: =B11-C11 -> 54 | E11: =IF(B11=0,0,C11/B11) -> 0 | F11: =SUMIFS(PRODUTOS!$G$2:$G$3264,PRODUTOS!$I$2:$I$3264,A11,PRODUTOS!$H$2:$H$3264,"SEM FOTO")+SUMIFS(PRODUTOS!$G$2:$G$3264,PRODUTOS!$I$2:$I$3264,A11,PRODUTOS!$H$2:$H$3264,"FOTO NÃO CONFERE") -> 4971
A12: Iluminação | B12: =COUNTIF(PRODUTOS!$I$2:$I$3264,A12) -> 199 | C12: =COUNTIFS(PRODUTOS!$I$2:$I$3264,A12,PRODUTOS!$H$2:$H$3264,"COM FOTO")+COUNTIFS(PRODUTOS!$I$2:$I$3264,A12,PRODUTOS!$H$2:$H$3264,"FOTO DE PRODUTO EQUIVALENTE") -> 0 | D12: =B12-C12 -> 199 | E12: =IF(B12=0,0,C12/B12) -> 0 | F12: =SUMIFS(PRODUTOS!$G$2:$G$3264,PRODUTOS!$I$2:$I$3264,A12,PRODUTOS!$H$2:$H$3264,"SEM FOTO")+SUMIFS(PRODUTOS!$G$2:$G$3264,PRODUTOS!$I$2:$I$3264,A12,PRODUTOS!$H$2:$H$3264,"FOTO NÃO CONFERE") -> 8675
A13: Instalação de Ar-Condicionado | B13: =COUNTIF(PRODUTOS!$I$2:$I$3264,A13) -> 205 | C13: =COUNTIFS(PRODUTOS!$I$2:$I$3264,A13,PRODUTOS!$H$2:$H$3264,"COM FOTO")+COUNTIFS(PRODUTOS!$I$2:$I$3264,A13,PRODUTOS!$H$2:$H$3264,"FOTO DE PRODUTO EQUIVALENTE") -> 1 | D13: =B13-C13 -> 204 | E13: =IF(B13=0,0,C13/B13) -> 0.0048780488 | F13: =SUMIFS(PRODUTOS!$G$2:$G$3264,PRODUTOS!$I$2:$I$3264,A13,PRODUTOS!$H$2:$H$3264,"SEM FOTO")+SUMIFS(PRODUTOS!$G$2:$G$3264,PRODUTOS!$I$2:$I$3264,A13,PRODUTOS!$H$2:$H$3264,"FOTO NÃO CONFERE") -> 20069.434
... A17: Refrigeração / Componentes | B17: =COUNTIF(PRODUTOS!$I$2:$I$3264,A17) -> 392 | C17: =COUNTIFS(PRODUTOS!$I$2:$I$3264,A17,PRODUTOS!$H$2:$H$3264,"COM FOTO")+COUNTIFS(PRODUTOS!$I$2:$I$3264,A17,PRODUTOS!$H$2:$H$3264,"FOTO DE PRODUTO EQUIVALENTE") -> 29 | D17: =B17-C17 -> 363 | E17: =IF(B17=0,0,C17/B17) -> 0.073979592 | F17: =SUMIFS(PRODUTOS!$G$2:$G$3264,PRODUTOS!$I$2:$I$3264,A17,PRODUTOS!$H$2:$H$3264,"SEM FOTO")+SUMIFS(PRODUTOS!$G$2:$G$3264,PRODUTOS!$I$2:$I$3264,A17,PRODUTOS!$H$2:$H$3264,"FOTO NÃO CONFERE") -> 19804.5
A18: TOTAL | B18: =SUM(B2:B17) -> 3263 | C18: =SUM(C2:C17) -> 171 | D18: =SUM(D2:D17) -> 3092 | E18: =IF(B18=0,0,C18/B18) -> 0.052405762 | F18: =SUM(F2:F17) -> 303695.66
A20: Itens com foto pelo código | B20: =COUNTIF(PRODUTOS!$H$2:$H$3264,"COM FOTO") -> 169
A21: Itens com foto de produto equivalente (conferir) | B21: =COUNTIF(PRODUTOS!$H$2:$H$3264,"FOTO DE PRODUTO EQUIVALENTE") -> 2
A22: Itens em que a foto do catálogo NÃO confere | B22: =COUNTIF(PRODUTOS!$H$2:$H$3264,"FOTO NÃO CONFERE") -> 1
A23: Divergências (sem contar informativas) | B23: =COUNTIF(DIVERGÊNCIAS!$C$2:$C$114,"<>*informativo*") -> 46
A24: Produtos do catálogo fora da lista | B24: =COUNTA('CATÁLOGO FORA DA LISTA'!$C$2:$C$147) -> 146
A26: Fonte: LISTAPRODUTO_LOJA01_ARISTEU_REFRIGERAÇÃO.xls (lista do sistema) cruzada com o catálogo PDF e as imagens enviadas. SALDO = quantidade em estoque informada na planilha.

Sheet LEIA-ME
A1: O QUE É | B1: Sua lista de produtos (LISTAPRODUTO_LOJA01_ARISTEU_REFRIGERAÇÃO.xls) com a foto tratada de cada item que existe no catálogo, além das divergências encontradas entre a lista e o catálogo.
A2: IMAGEM | B2: Miniatura 30x30 px antes do código. Acompanha a linha ao filtrar/ordenar. A foto em alta está na pasta png_transparente_1200 com o nome = código.
A3: STATUS DA FOTO | B3: COM FOTO: mesmo código do catálogo (ou item sem código no catálogo conferido pela descrição/referência) · FOTO DE PRODUTO EQUIVALENTE: descrição igual a outro item do catálogo — conferir · FOTO NÃO CONFERE: o catálogo usa o código, mas a marca é outra; a foto não foi usada · SEM FOTO: buscar no site do fabricante (aba SEM FOTO).
A4: REFERÊNCIA / MARCA | B4: Valem as da sua planilha. Quando vazias, foram completadas com o catálogo (marcado como informativo). Diferenças aparecem em DIVERGÊNCIAS.
A5: INFORMAÇÕES COMPLEMENTARES | B5: Vêm do catálogo (medidas, aplicações, compatibilidades) para os itens com foto. Conferir a ficha do fornecedor antes de publicar especificações críticas.
A6: SEM FOTO (BUSCAR) | B6: Itens sem foto ordenados pelo SALDO (mais estoque primeiro) com um termo de busca pronto. Com a rede do ambiente liberada, as fotos podem ser buscadas nos sites dos fabricantes.
A7: DIVERGÊNCIAS | B7: Marca diferente, descrição diferente para o mesmo código, código repetido no catálogo, referência diferente, descrições iguais com códigos diferentes (possível cadastro duplicado).
A8: CATÁLOGO FORA DA LISTA | B8: Produtos do catálogo que não estão na sua lista (a lista traz só itens com saldo). Quando existe um item parecido na lista, o código provável aparece ao lado.
A9: IMAGENS ENVIADAS | B9: Fotos enviadas sem código: marque com X o código correto para que a foto seja vinculada na próxima geração.
